ts_code,name,industry,list_date,market
000001.SZ,平安银行,银行,19910403,主板
000002.SZ,万科Ａ,全国地产,19910129,主板
000006.SZ,深振业Ａ,区域地产,19920427,主板
000007.SZ,全新好,其他商业,19920413,主板
000008.SZ,神州高铁,运输设备,19920507,主板
000009.SZ,中国宝安,电气设备,19910625,主板
000011.SZ,深物业A,房产服务,19920330,主板
000012.SZ,南玻Ａ,玻璃,19920228,主板
000014.SZ,沙河股份,全国地产,19920602,主板
000017.SZ,深中华A,服饰,19920331,主板
000019.SZ,深粮控股,农业综合,19921012,主板
000020.SZ,深华发Ａ,元器件,19920428,主板
000021.SZ,深科技,元器件,19940202,主板
001872.SZ,招商港口,港口,19930505,主板
000025.SZ,特力Ａ,综合类,19930621,主板
000026.SZ,飞亚达,服饰,19930603,主板
000027.SZ,深圳能源,火力发电,19930903,主板
000028.SZ,国药一致,医药商业,19930809,主板
000029.SZ,深深房Ａ,区域地产,19930915,主板
000030.SZ,富奥股份,汽车配件,19930929,主板
000031.SZ,大悦城,全国地产,19931008,主板
000032.SZ,深桑达Ａ,建筑工程,19931028,主板
000034.SZ,神州数码,软件服务,19940509,主板
000035.SZ,中国天楹,环境保护,19940408,主板
000036.SZ,华联控股,全国地产,19940617,主板
000037.SZ,深南电A,火力发电,19940701,主板
000039.SZ,中集集团,运输设备,19940408,主板
000042.SZ,中洲控股,全国地产,19940921,主板
001914.SZ,招商积余,房产服务,19940928,主板
000045.SZ,深纺织Ａ,元器件,19940815,主板
000048.SZ,京基智农,农业综合,19941101,主板
000049.SZ,德赛电池,电气设备,19950320,主板
000050.SZ,深天马Ａ,元器件,19950315,主板
000055.SZ,方大集团,其他建材,19960415,主板
000058.SZ,深赛格,商品城,19961226,主板
000059.SZ,华锦股份,石油加工,19970130,主板
000060.SZ,中金岭南,铅锌,19970123,主板
000061.SZ,农产品,农业综合,19970110,主板
000062.SZ,深圳华强,元器件,19970130,主板
000063.SZ,中兴通讯,通信设备,19971118,主板
000065.SZ,北方国际,建筑工程,19980605,主板
000066.SZ,中国长城,IT设备,19970626,主板
000068.SZ,华控赛格,环境保护,19970611,主板
000069.SZ,华侨城Ａ,全国地产,19970910,主板
000070.SZ,特发信息,通信设备,20000511,主板
000088.SZ,盐田港,港口,19970728,主板
000089.SZ,深圳机场,机场,19980420,主板
000090.SZ,天健集团,建筑工程,19990721,主板
000096.SZ,广聚能源,石油贸易,20000724,主板
000099.SZ,中信海直,空运,20000731,主板
000100.SZ,TCL科技,元器件,20040130,主板
000151.SZ,中成股份,商贸代理,20000906,主板
000153.SZ,丰原药业,化学制药,20000920,主板
000155.SZ,川能动力,新型电力,20000926,主板
000156.SZ,华数传媒,影视音像,20000906,主板
000157.SZ,中联重科,工程机械,20001012,主板
000158.SZ,常山北明,软件服务,20000724,主板
000159.SZ,国际实业,石油贸易,20000926,主板
000301.SZ,东方盛虹,化纤,20000529,主板
000400.SZ,许继电气,电气设备,19970418,主板
000401.SZ,金隅冀东,水泥,19960614,主板
000402.SZ,金融街,全国地产,19960626,主板
000403.SZ,派林生物,生物制药,19960628,主板
000404.SZ,长虹华意,家用电器,19960619,主板
000407.SZ,胜利股份,供气供热,19960703,主板
000408.SZ,藏格矿业,农药化肥,19960628,主板
000409.SZ,云鼎科技,软件服务,19960627,主板
000410.SZ,沈阳机床,机床制造,19960718,主板
000411.SZ,英特集团,医药商业,19960716,主板
000415.SZ,渤海租赁,多元金融,19960716,主板
000417.SZ,合百集团,百货,19960812,主板
000419.SZ,通程控股,百货,19960816,主板
000420.SZ,吉林化纤,化纤,19960802,主板
000421.SZ,南京公用,供气供热,19960806,主板
000422.SZ,湖北宜化,农药化肥,19960815,主板
000423.SZ,东阿阿胶,中成药,19960729,主板
000425.SZ,徐工机械,工程机械,19960828,主板
000426.SZ,兴业银锡,铅锌,19960828,主板
000428.SZ,华天酒店,酒店餐饮,19960808,主板
000429.SZ,粤高速Ａ,路桥,19980220,主板
000498.SZ,山东路桥,建筑工程,19970609,主板
000501.SZ,武商集团,百货,19921120,主板
000503.SZ,国新健康,软件服务,19921130,主板
000505.SZ,京粮控股,食品,19921221,主板
000506.SZ,招金黄金,黄金,19930312,主板
000507.SZ,珠海港,新型电力,19930326,主板
000509.SZ,华塑控股,元器件,19930507,主板
000510.SZ,新金路,化工原料,19930507,主板
000513.SZ,丽珠集团,化学制药,19931028,主板
000514.SZ,渝开发,区域地产,19930712,主板
000516.SZ,国际医学,医疗保健,19930809,主板
000517.SZ,荣安地产,区域地产,19930806,主板
000519.SZ,中兵红箭,专用机械,19931008,主板
000520.SZ,凤凰航运,水运,19931025,主板
000521.SZ,长虹美菱,家用电器,19931018,主板
000523.SZ,红棉股份,食品,19931108,主板
000524.SZ,岭南控股,旅游服务,19931118,主板
000525.SZ,红太阳,农药化肥,19931028,主板
000526.SZ,学大教育,文教休闲,19931101,主板
000528.SZ,柳工,工程机械,19931118,主板
000529.SZ,广弘控股,食品,19931118,主板
000530.SZ,冰山冷热,机械基件,19931208,主板
000531.SZ,穗恒运Ａ,火力发电,19940106,主板
000532.SZ,华金资本,多元金融,19940103,主板
000533.SZ,顺钠股份,电气设备,19940103,主板
000534.SZ,万泽股份,生物制药,19940110,主板
000536.SZ,华映科技,元器件,19931126,主板
000537.SZ,绿发电力,新型电力,19931210,主板
000538.SZ,云南白药,中成药,19931215,主板
000539.SZ,粤电力Ａ,火力发电,19931126,主板
000541.SZ,佛山照明,家用电器,19931123,主板
000543.SZ,皖能电力,火力发电,19931220,主板
000544.SZ,中原环保,环境保护,19931208,主板
000545.SZ,金浦钛业,化工原料,19931215,主板
000546.SZ,金圆股份,环境保护,19931215,主板
000547.SZ,航天发展,通信设备,19931130,主板
000548.SZ,湖南投资,路桥,19931220,主板
000550.SZ,江铃汽车,汽车整车,19931201,主板
000551.SZ,创元科技,专用机械,19940106,主板
000552.SZ,甘肃能化,煤炭开采,19940106,主板
000553.SZ,安道麦A,农药化肥,19931203,主板
000554.SZ,泰山石油,石油贸易,19931215,主板
000555.SZ,神州信息,软件服务,19940408,主板
000557.SZ,西部创业,铁路,19940617,主板
000558.SZ,天府文旅,旅游景点,19940509,主板
000559.SZ,万向钱潮,汽车配件,19940110,主板
000560.SZ,我爱我家,房产服务,19940202,主板
000561.SZ,烽火电子,通信设备,19940509,主板
000563.SZ,陕国投Ａ,多元金融,19940110,主板
000564.SZ,供销大集,百货,19940110,主板
000565.SZ,渝三峡Ａ,染料涂料,19940408,主板
000566.SZ,海南海药,化学制药,19940525,主板
000567.SZ,海德股份,多元金融,19940525,主板
000568.SZ,泸州老窖,白酒,19940509,主板
000570.SZ,苏常柴Ａ,农用机械,19940701,主板
000571.SZ,新大洲A,煤炭开采,19940525,主板
000572.SZ,海马汽车,汽车整车,19940808,主板
000573.SZ,粤宏远Ａ,区域地产,19940815,主板
000576.SZ,甘化科工,电气设备,19940907,主板
000581.SZ,威孚高科,汽车配件,19980924,主板
000582.SZ,北部湾港,港口,19951102,主板
000586.SZ,汇源通信,通信设备,19951220,主板
000589.SZ,贵州轮胎,汽车配件,19960308,主板
000590.SZ,古汉医药,中成药,19960119,主板
000591.SZ,太阳能,新型电力,19960208,主板
000592.SZ,平潭发展,林业,19960327,主板
000593.SZ,德龙汇能,供气供热,19960312,主板
000596.SZ,古井贡酒,白酒,19960927,主板
000597.SZ,东北制药,化学制药,19960523,主板
000598.SZ,兴蓉环境,水务,19960529,主板
000599.SZ,青岛双星,汽车配件,19960430,主板
000600.SZ,建投能源,火力发电,19960606,主板
000601.SZ,韶能股份,水力发电,19960830,主板
000603.SZ,盛达资源,铅锌,19960823,主板
000605.SZ,渤海股份,水务,19960913,主板
000607.SZ,华媒控股,广告包装,19960830,主板
000612.SZ,焦作万方,铝,19960926,主板
000617.SZ,中油资本,多元金融,19961022,主板
000619.SZ,海螺新材,其他建材,19961023,主板
000620.SZ,盈新发展,全国地产,19961029,主板
000623.SZ,吉林敖东,中成药,19961028,主板
000625.SZ,长安汽车,汽车整车,19970610,主板
000626.SZ,远大控股,商贸代理,19961128,主板
000628.SZ,高新发展,建筑工程,19961118,主板
000629.SZ,钒钛股份,小金属,19961115,主板
000630.SZ,铜陵有色,铜,19961120,主板
000631.SZ,顺发恒能,综合类,19961122,主板
000633.SZ,合金投资,小金属,19961112,主板
000635.SZ,英力特,化工原料,19961120,主板
000636.SZ,风华高科,元器件,19961129,主板
000637.SZ,茂化实华,石油加工,19961114,主板
000650.SZ,仁和药业,中成药,19961210,主板
000651.SZ,格力电器,家用电器,19961118,主板
000652.SZ,泰达股份,批发业,19961128,主板
000655.SZ,金岭矿业,普钢,19961128,主板
000657.SZ,中钨高新,小金属,19961205,主板
000659.SZ,珠海中富,广告包装,19961203,主板
000661.SZ,长春高新,生物制药,19961218,主板
000663.SZ,永安林业,林业,19961206,主板
000665.SZ,湖北广电,影视音像,19961210,主板
000670.SZ,盈方微,元器件,19961217,主板
000672.SZ,上峰水泥,水泥,19961218,主板
000676.SZ,智度股份,互联网,19961224,主板
000678.SZ,襄阳轴承,汽车配件,19970106,主板
000679.SZ,大连友谊,百货,19970124,主板
000680.SZ,山推股份,工程机械,19970122,主板
000681.SZ,视觉中国,互联网,19970121,主板
000682.SZ,东方电子,电气设备,19970121,主板
000683.SZ,博源化工,化工原料,19970131,主板
000685.SZ,中山公用,水务,19970123,主板
000686.SZ,东北证券,证券,19970227,主板
000688.SZ,国城矿业,铅锌,19970120,主板
000690.SZ,宝新能源,火力发电,19970128,主板
000692.SZ,惠天热电,供气供热,19970227,主板
000695.SZ,滨海能源,化工原料,19970218,主板
001696.SZ,宗申动力,摩托车,19970306,主板
000697.SZ,炼石航空,航空,19970325,主板
000700.SZ,模塑科技,汽车配件,19970228,主板
000701.SZ,厦门信达,商贸代理,19970226,主板
000702.SZ,正虹科技,饲料,19970318,主板
000703.SZ,恒逸石化,化纤,19970328,主板
000705.SZ,浙江震元,医药商业,19970410,主板
000707.SZ,双环科技,化工原料,19970415,主板
000708.SZ,中信特钢,特种钢,19970326,主板
000709.SZ,河钢股份,普钢,19970416,主板
000710.SZ,贝瑞基因,医疗保健,19970422,主板
000712.SZ,锦龙股份,证券,19970415,主板
000713.SZ,国投丰乐,种植业,19970422,主板
000715.SZ,中兴商业,百货,19970508,主板
000716.SZ,黑芝麻,食品,19970418,主板
000717.SZ,中南股份,普钢,19970508,主板
000718.SZ,苏宁环球,区域地产,19970408,主板
000719.SZ,中原传媒,出版业,19970331,主板
000720.SZ,新能泰山,电气设备,19970509,主板
000721.SZ,西安饮食,酒店餐饮,19970430,主板
000722.SZ,湖南发展,水力发电,19970522,主板
000723.SZ,美锦能源,焦炭加工,19970515,主板
000725.SZ,京东方Ａ,元器件,20010112,主板
000726.SZ,鲁泰Ａ,纺织,20001225,主板
000727.SZ,冠捷科技,元器件,19970520,主板
000728.SZ,国元证券,证券,19970616,主板
000729.SZ,燕京啤酒,啤酒,19970716,主板
000731.SZ,四川美丰,农药化肥,19970617,主板
000733.SZ,振华科技,元器件,19970703,主板
000735.SZ,罗牛山,农业综合,19970611,主板
000737.SZ,北方铜业,铜,19970428,主板
000738.SZ,航发控制,航空,19970626,主板
000739.SZ,普洛药业,化学制药,19970509,主板
000750.SZ,国海证券,证券,19970709,主板
000751.SZ,锌业股份,铅锌,19970626,主板
000753.SZ,漳州发展,综合类,19970626,主板
000755.SZ,山西高速,路桥,19970627,主板
000756.SZ,新华制药,化学制药,19970806,主板
000757.SZ,浩物股份,汽车服务,19970627,主板
000758.SZ,中色股份,铅锌,19970416,主板
000759.SZ,中百集团,超市连锁,19970519,主板
000761.SZ,本钢板材,普钢,19980115,主板
000762.SZ,西藏矿业,小金属,19970708,主板
000766.SZ,通化金马,化学制药,19970430,主板
000767.SZ,晋控电力,火力发电,19970609,主板
000768.SZ,中航西飞,航空,19970626,主板
000776.SZ,广发证券,证券,19970611,主板
000777.SZ,中核科技,机械基件,19970710,主板
000778.SZ,新兴铸管,钢加工,19970606,主板
000779.SZ,甘咨询,建筑工程,19970528,主板
000782.SZ,恒申新材,化纤,19970619,主板
000783.SZ,长江证券,证券,19970731,主板
000785.SZ,居然智家,百货,19970711,主板
000786.SZ,北新建材,其他建材,19970606,主板
000788.SZ,北大医药,化学制药,19970616,主板
000789.SZ,万年青,水泥,19970923,主板
000790.SZ,华神科技,中成药,19980327,主板
000791.SZ,甘肃能源,水力发电,19971014,主板
000792.SZ,盐湖股份,农药化肥,19970904,主板
000795.SZ,英洛华,矿物制品,19970808,主板
000796.SZ,凯撒旅业,旅游服务,19970703,主板
000797.SZ,中国武夷,全国地产,19970715,主板
000798.SZ,中水渔业,渔业,19980212,主板
000799.SZ,酒鬼酒,白酒,19970718,主板
000800.SZ,一汽解放,汽车整车,19970618,主板
000801.SZ,四川九洲,家用电器,19980506,主板
000802.SZ,北京文化,影视音像,19980108,主板
000803.SZ,山高环能,环境保护,19980303,主板
000807.SZ,云铝股份,铝,19980408,主板
000809.SZ,和展能源,电气设备,19980616,主板
000810.SZ,创维数字,家用电器,19980602,主板
000811.SZ,冰轮环境,工程机械,19980528,主板
000812.SZ,陕西金叶,广告包装,19980623,主板
000813.SZ,德展健康,化学制药,19980519,主板
000815.SZ,美利云,通信设备,19980609,主板
000816.SZ,智慧农业,农用机械,19970818,主板
000818.SZ,航锦科技,化工原料,19971017,主板
000819.SZ,岳阳兴长,石油加工,19970625,主板
000822.SZ,山东海化,化工原料,19980703,主板
000823.SZ,超声电子,元器件,19971008,主板
000825.SZ,太钢不锈,特种钢,19981021,主板
000828.SZ,东莞控股,路桥,19970617,主板
000829.SZ,天音控股,其他商业,19971202,主板
000830.SZ,鲁西化工,化工原料,19980807,主板
000831.SZ,中国稀土,小金属,19980911,主板
000833.SZ,粤桂股份,综合类,19981111,主板
000837.SZ,秦川机床,机床制造,19980928,主板
000839.SZ,国安股份,综合类,19971031,主板
000848.SZ,承德露露,软饮料,19971113,主板
000850.SZ,华茂股份,纺织,19981007,主板
000852.SZ,石化机械,化工机械,19981126,主板
000856.SZ,冀东装备,专用机械,19980813,主板
000858.SZ,五粮液,白酒,19980427,主板
000859.SZ,国风新材,塑料,19981119,主板
000860.SZ,顺鑫农业,白酒,19981104,主板
000862.SZ,银星能源,新型电力,19980915,主板
000863.SZ,三湘印象,区域地产,19970925,主板
000868.SZ,安凯客车,汽车整车,19970725,主板
000869.SZ,张裕Ａ,红黄酒,20001026,主板
000875.SZ,电投绿能,火力发电,20020926,主板
000876.SZ,新希望,饲料,19980311,主板
000877.SZ,天山股份,水泥,19990107,主板
000878.SZ,云南铜业,铜,19980602,主板
000880.SZ,潍柴重机,专用机械,19980402,主板
000881.SZ,中广核技,化工原料,19980902,主板
000882.SZ,华联股份,其他商业,19980616,主板
000883.SZ,湖北能源,水力发电,19980519,主板
000885.SZ,城发环境,环境保护,19990319,主板
000886.SZ,海南高速,区域地产,19980123,主板
000887.SZ,中鼎股份,汽车配件,19981203,主板
000888.SZ,峨眉山Ａ,旅游景点,19971021,主板
000889.SZ,中嘉博创,通信设备,19971218,主板
000890.SZ,法尔胜,环境保护,19990119,主板
000892.SZ,欢瑞世纪,影视音像,19990115,主板
000893.SZ,亚钾国际,农药化肥,19981224,主板
000895.SZ,双汇发展,食品,19981210,主板
001896.SZ,豫能控股,火力发电,19980122,主板
000897.SZ,津滨发展,区域地产,19990422,主板
000898.SZ,鞍钢股份,普钢,19971225,主板
000899.SZ,赣能股份,火力发电,19971126,主板
000900.SZ,现代投资,路桥,19990128,主板
000901.SZ,航天科技,汽车配件,19990401,主板
000902.SZ,新洋丰,农药化肥,19990408,主板
000905.SZ,厦门港务,港口,19990429,主板
000906.SZ,浙商中拓,仓储物流,19990707,主板
000910.SZ,大亚圣象,家居用品,19990630,主板
000912.SZ,泸天化,农药化肥,19990603,主板
000913.SZ,钱江摩托,摩托车,19990514,主板
000915.SZ,华特达因,化学制药,19990609,主板
000917.SZ,电广传媒,广告包装,19990325,主板
000919.SZ,金陵药业,化学制药,19991118,主板
000920.SZ,沃顿科技,塑料,19990616,主板
000921.SZ,海信家电,家用电器,19990713,主板
000922.SZ,佳电股份,电气设备,19990618,主板
000923.SZ,河钢资源,普钢,19990714,主板
000925.SZ,众合科技,运输设备,19990611,主板
000926.SZ,福星股份,区域地产,19990618,主板
000927.SZ,中国铁物,仓储物流,19990727,主板
000928.SZ,中钢国际,建筑工程,19990312,主板
000930.SZ,中粮科技,农业综合,19990712,主板
000931.SZ,中关村,化学制药,19990712,主板
000932.SZ,华菱钢铁,普钢,19990803,主板
000933.SZ,神火股份,铝,19990831,主板
000935.SZ,四川双马,水泥,19990824,主板
000936.SZ,华西股份,化纤,19990810,主板
000937.SZ,冀中能源,煤炭开采,19990909,主板
000938.SZ,紫光股份,IT设备,19991104,主板
000948.SZ,南天信息,软件服务,19991014,主板
000949.SZ,新乡化纤,化纤,19991021,主板
000950.SZ,重药控股,医药商业,19990916,主板
000951.SZ,中国重汽,汽车整车,19991125,主板
000952.SZ,广济药业,化学制药,19991112,主板
000953.SZ,河化股份,化学制药,19991202,主板
000955.SZ,欣龙控股,纺织,19991209,主板
000957.SZ,中通客车,汽车整车,20000113,主板
000958.SZ,电投产融,新型电力,19991223,主板
000959.SZ,首钢股份,普钢,19991216,主板
000960.SZ,锡业股份,小金属,20000221,主板
000962.SZ,东方钽业,小金属,20000120,主板
000963.SZ,华东医药,化学制药,20000127,主板
000965.SZ,天保基建,区域地产,20000406,主板
000966.SZ,长源电力,火力发电,20000316,主板
000967.SZ,盈峰环境,环境保护,20000330,主板
000968.SZ,蓝焰控股,石油开采,20000622,主板
000969.SZ,安泰科技,小金属,20000529,主板
000970.SZ,中科三环,矿物制品,20000420,主板
000973.SZ,佛塑科技,塑料,20000525,主板
000975.SZ,山金国际,黄金,20000608,主板
000977.SZ,浪潮信息,IT设备,20000608,主板
000978.SZ,桂林旅游,旅游景点,20000518,主板
000980.SZ,众泰汽车,汽车配件,20000616,主板
000981.SZ,山子高科,汽车配件,20000622,主板
000983.SZ,山西焦煤,煤炭开采,20000726,主板
000985.SZ,大庆华科,化工原料,20000726,主板
000987.SZ,越秀资本,多元金融,20000718,主板
000988.SZ,华工科技,专用机械,20000608,主板
000989.SZ,九芝堂,中成药,20000628,主板
000990.SZ,诚志股份,化工原料,20000706,主板
000993.SZ,闽东电力,水力发电,20000731,主板
000995.SZ,皇台酒业,白酒,20000807,主板
000997.SZ,新大陆,IT设备,20000807,主板
000998.SZ,隆平高科,种植业,20001211,主板
000999.SZ,华润三九,中成药,20000309,主板
002001.SZ,新和成,化学制药,20040625,主板
002181.SZ,粤传媒,出版业,20071116,主板
600000.SH,浦发银行,银行,19991110,主板
600004.SH,白云机场,机场,20030428,主板
600006.SH,东风股份,汽车整车,19990727,主板
600007.SH,中国国贸,园区开发,19990312,主板
600008.SH,首创环保,水务,20000427,主板
600009.SH,上海机场,机场,19980218,主板
600010.SH,包钢股份,普钢,20010309,主板
600011.SH,华能国际,火力发电,20011206,主板
600012.SH,皖通高速,路桥,20030107,主板
600015.SH,华夏银行,银行,20030912,主板
600016.SH,民生银行,银行,20001219,主板
600019.SH,宝钢股份,普钢,20001212,主板
600020.SH,中原高速,路桥,20030808,主板
600021.SH,上海电力,火力发电,20031029,主板
600026.SH,中远海能,水运,20020523,主板
600028.SH,中国石化,石油加工,20010808,主板
600029.SH,南方航空,空运,20030725,主板
600030.SH,中信证券,证券,20030106,主板
600031.SH,三一重工,工程机械,20030703,主板
600033.SH,福建高速,路桥,20010209,主板
600035.SH,楚天高速,路桥,20040310,主板
600036.SH,招商银行,银行,20020409,主板
600037.SH,歌华有线,影视音像,20010208,主板
600038.SH,中直股份,航空,20001218,主板
600039.SH,四川路桥,建筑工程,20030325,主板
600050.SH,中国联通,电信运营,20021009,主板
600051.SH,宁波联合,综合类,19970410,主板
600052.SH,东望时代,供气供热,19970415,主板
600054.SH,黄山旅游,旅游景点,19970506,主板
600055.SH,万东医疗,医疗保健,19970519,主板
600056.SH,中国医药,医药商业,19970515,主板
600057.SH,厦门象屿,仓储物流,19970604,主板
600058.SH,五矿发展,商贸代理,19970528,主板
600059.SH,古越龙山,红黄酒,19970516,主板
600060.SH,海信视像,家用电器,19970422,主板
600061.SH,国投资本,证券,19970519,主板
600062.SH,华润双鹤,化学制药,19970522,主板
600063.SH,皖维高新,化纤,19970528,主板
600064.SH,南京高科,园区开发,19970506,主板
600066.SH,XD宇通客,汽车整车,19970508,主板
600067.SH,冠城新材,电气设备,19970508,主板
600071.SH,凤凰光学,元器件,19970528,主板
600072.SH,中船科技,电气设备,19970603,主板
600073.SH,光明肉业,食品,19970704,主板
600075.SH,新疆天业,化工原料,19970617,主板
600076.SH,康欣新材,广告包装,19970526,主板
600078.SH,澄星股份,化工原料,19970627,主板
600081.SH,东风科技,汽车配件,19970703,主板
600085.SH,同仁堂,中成药,19970625,主板
600088.SH,中视传媒,影视音像,19970616,主板
600089.SH,特变电工,电气设备,19970618,主板
600094.SH,大名城,区域地产,19970703,主板
600095.SH,湘财股份,证券,19970708,主板
600096.SH,云天化,农药化肥,19970709,主板
600097.SH,开创国际,渔业,19970619,主板
600098.SH,广州发展,火力发电,19970718,主板
600099.SH,林海股份,汽车整车,19970704,主板
600100.SH,同方股份,IT设备,19970627,主板
600101.SH,明星电力,水力发电,19970627,主板
600103.SH,青山纸业,造纸,19970703,主板
600104.SH,上汽集团,汽车整车,19971125,主板
600105.SH,永鼎股份,通信设备,19970929,主板
600106.SH,重庆路桥,路桥,19970618,主板
600108.SH,亚盛集团,种植业,19970818,主板
600109.SH,国金证券,证券,19970807,主板
600110.SH,诺德股份,电气设备,19971007,主板
600111.SH,北方稀土,小金属,19970924,主板
600113.SH,浙江东日,区域地产,19971021,主板
600114.SH,东睦股份,机械基件,20040511,主板
600115.SH,中国东航,空运,19971105,主板
600116.SH,三峡水利,水力发电,19970804,主板
600117.SH,西宁特钢,特种钢,19971015,主板
600118.SH,中国卫星,航空,19970908,主板
600120.SH,浙江东方,多元金融,19971201,主板
600121.SH,郑州煤电,煤炭开采,19980107,主板
600123.SH,兰花科创,煤炭开采,19981217,主板
600125.SH,铁龙物流,铁路,19980511,主板
600126.SH,杭钢股份,普钢,19980311,主板
600127.SH,金健米业,农业综合,19980506,主板
600128.SH,苏豪弘业,商贸代理,19970901,主板
600129.SH,太极集团,中成药,19971118,主板
600130.SH,波导股份,元器件,20000706,主板
600131.SH,国网信通,通信设备,19980402,主板
600132.SH,重庆啤酒,啤酒,19971030,主板
600133.SH,东湖高新,环境保护,19980212,主板
600135.SH,乐凯胶片,塑料,19980122,主板
600137.SH,浪莎股份,服饰,19980416,主板
600138.SH,中青旅,旅游景点,19971203,主板
600141.SH,兴发集团,农药化肥,19990616,主板
600148.SH,长春一东,汽车配件,19980520,主板
600149.SH,廊坊发展,综合类,19991014,主板
600150.SH,中国船舶,船舶,19980520,主板
600151.SH,航天机电,汽车配件,19980605,主板
600152.SH,维科技术,电气设备,19980609,主板
600153.SH,建发股份,仓储物流,19980616,主板
600155.SH,华创云信,证券,19980918,主板
600156.SH,华升股份,纺织,19980527,主板
600157.SH,永泰能源,火力发电,19980513,主板
600158.SH,中体产业,文教休闲,19980327,主板
600159.SH,大龙地产,区域地产,19980526,主板
600160.SH,巨化股份,化工原料,19980626,主板
600161.SH,天坛生物,生物制药,19980616,主板
600162.SH,香江控股,全国地产,19980609,主板
600163.SH,中闽能源,新型电力,19980602,主板
600166.SH,福田汽车,汽车整车,19980602,主板
600167.SH,联美控股,供气供热,19990128,主板
600168.SH,武汉控股,水务,19980427,主板
600170.SH,上海建工,建筑工程,19980623,主板
600171.SH,上海贝岭,半导体,19980924,主板
600172.SH,黄河旋风,矿物制品,19981126,主板
600173.SH,卧龙新能,全国地产,19990415,主板
600176.SH,中国巨石,玻璃,19990422,主板
600177.SH,雅戈尔,服饰,19981119,主板
600178.SH,东安动力,汽车配件,19981014,主板
600179.SH,安通控股,水运,19981104,主板
600182.SH,S佳通,汽车配件,19990507,主板
600183.SH,生益科技,元器件,19981028,主板
600184.SH,光电股份,专用机械,20031106,主板
600185.SH,珠免集团,旅游服务,19990611,主板
600186.SH,莲花控股,食品,19980825,主板
600188.SH,兖矿能源,煤炭开采,19980701,主板
600189.SH,泉阳泉,软饮料,19981007,主板
600191.SH,华资实业,食品,19981210,主板
600192.SH,长城电工,电气设备,19981224,主板
600195.SH,中牧股份,农业综合,19990107,主板
600196.SH,复星医药,化学制药,19980807,主板
600197.SH,伊力特,白酒,19990916,主板
600198.SH,大唐电信,通信设备,19981021,主板
600199.SH,金种子酒,白酒,19980812,主板
600201.SH,生物股份,农业综合,19990115,主板
600202.SH,哈空调,专用机械,19990603,主板
600203.SH,福日电子,元器件,19990514,主板
600206.SH,有研新材,半导体,19990319,主板
600207.SH,安彩高科,电气设备,19990714,主板
600208.SH,衢州发展,全国地产,19990623,主板
600210.SH,紫江企业,广告包装,19990824,主板
600211.SH,西藏药业,生物制药,19990721,主板
600212.SH,绿能慧充,电气设备,19990817,主板
600215.SH,派斯林,专用机械,19990909,主板
600216.SH,浙江医药,化学制药,19991021,主板
600217.SH,中再资环,环境保护,19991216,主板
600218.SH,全柴动力,汽车配件,19981203,主板
600219.SH,南山铝业,铝,19991223,主板
600221.SH,海航控股,空运,19991125,主板
600222.SH,太龙药业,中成药,19991105,主板
600223.SH,福瑞达,日用化工,20000113,主板
600226.SH,亨通股份,供气供热,19991116,主板
600227.SH,赤天化,农药化肥,20000221,主板
600229.SH,城市传媒,出版业,20000309,主板
600230.SH,沧州大化,化工原料,20000406,主板
600231.SH,凌钢股份,普钢,20000511,主板
600232.SH,金鹰股份,纺织机械,20000602,主板
600233.SH,圆通速递,仓储物流,20000608,主板
600234.SH,科新发展,装修装饰,20000615,主板
600235.SH,民丰特纸,造纸,20000615,主板
600236.SH,桂冠电力,水力发电,20000323,主板
600237.SH,铜峰电子,元器件,20000609,主板
600241.SH,时代万恒,电气设备,20001128,主板
600246.SH,万通发展,区域地产,20000922,主板
600248.SH,陕建股份,建筑工程,20000622,主板
600249.SH,两面针,日用化工,20040130,主板
600250.SH,南京商旅,商贸代理,20010306,主板
600251.SH,冠农股份,农业综合,20030609,主板
600252.SH,中恒集团,中成药,20001130,主板
600255.SH,鑫科材料,小金属,20001122,主板
600256.SH,广汇能源,石油开采,20000526,主板
600257.SH,大湖股份,渔业,20000612,主板
600258.SH,首旅酒店,酒店餐饮,20000601,主板
600259.SH,中稀有色,小金属,20000525,主板
600261.SH,阳光照明,家用电器,20000720,主板
600262.SH,北方股份,专用机械,20000630,主板
600266.SH,城建发展,区域地产,19990203,主板
600267.SH,海正药业,化学制药,20000725,主板
600268.SH,国电南自,电气设备,19991118,主板
600269.SH,赣粤高速,路桥,20000518,主板
600271.SH,航天信息,软件服务,20030711,主板
600272.SH,开开实业,医药商业,20010228,主板
600273.SH,嘉化能源,化工原料,20030627,主板
600276.SH,恒瑞医药,化学制药,20001018,主板
600278.SH,东方创业,商贸代理,20000712,主板
600279.SH,重庆港,港口,20000731,主板
600280.SH,中央商场,百货,20000926,主板
600281.SH,华阳新材,小金属,20001109,主板
600282.SH,南钢股份,普钢,20000919,主板
600283.SH,钱江水利,水务,20001018,主板
600284.SH,浦东建设,建筑工程,20040316,主板
600285.SH,羚锐制药,中成药,20001018,主板
600287.SH,苏豪时尚,商贸代理,20000901,主板
600288.SH,大恒科技,元器件,20001129,主板
600292.SH,电投水电,水力发电,20001101,主板
600293.SH,三峡新材,玻璃,20000919,主板
600295.SH,鄂尔多斯,特种钢,20010426,主板
600298.SH,安琪酵母,食品,20000818,主板
600299.SH,安迪苏,饲料,20000420,主板
600300.SH,维维股份,软饮料,20000630,主板
600301.SH,华锡有色,小金属,20000712,主板
600303.SH,曙光股份,汽车整车,20001226,主板
600305.SH,恒顺醋业,食品,20010206,主板
600307.SH,酒钢宏兴,普钢,20001220,主板
600308.SH,华泰股份,造纸,20000928,主板
600309.SH,万华化学,化工原料,20010105,主板
600310.SH,广西能源,水力发电,20010228,主板
600312.SH,平高电气,电气设备,20010221,主板
600313.SH,农发种业,种植业,20010119,主板
600315.SH,上海家化,日用化工,20010315,主板
600316.SH,洪都航空,航空,20001215,主板
600318.SH,新力金融,多元金融,20001208,主板
600319.SH,亚星化学,化工原料,20010326,主板
600320.SH,振华重工,专用机械,20001221,主板
600322.SH,津投城开,区域地产,20010910,主板
600323.SH,瀚蓝环境,环境保护,20001225,主板
600325.SH,华发股份,区域地产,20040225,主板
600326.SH,西藏天路,水泥,20010116,主板
600327.SH,大东方,医疗保健,20020625,主板
600328.SH,中盐化工,化工原料,20001222,主板
600329.SH,达仁堂,中成药,20010606,主板
600330.SH,天通股份,专用机械,20010118,主板
600331.SH,宏达股份,农药化肥,20011220,主板
600332.SH,白云山,中成药,20010206,主板
600333.SH,长春燃气,供气供热,20001211,主板
600335.SH,国机汽车,汽车服务,20010305,主板
600336.SH,澳柯玛,家用电器,20001229,主板
600338.SH,西藏珠峰,铅锌,20001227,主板
600339.SH,中油工程,石油开采,20001225,主板
600343.SH,航天动力,机械基件,20030408,主板
600345.SH,长江通信,通信设备,20001222,主板
600346.SH,恒力石化,石油加工,20010820,主板
600348.SH,华阳股份,煤炭开采,20030821,主板
600350.SH,山东高速,路桥,20020318,主板
600351.SH,亚宝药业,中成药,20020926,主板
600352.SH,浙江龙盛,染料涂料,20030801,主板
600353.SH,旭光电子,元器件,20021120,主板
600354.SH,敦煌种业,种植业,20040115,主板
600356.SH,恒丰纸业,造纸,20010419,主板
600358.SH,国旅联合,广告包装,20000922,主板
600359.SH,新农开发,种植业,19990429,主板
600361.SH,创新新材,铝,20011129,主板
600362.SH,江西铜业,铜,20020111,主板
600363.SH,联创光电,元器件,20010329,主板
600366.SH,宁波韵升,矿物制品,20001030,主板
600367.SH,红星发展,化工原料,20010320,主板
600368.SH,五洲交通,路桥,20001221,主板
600369.SH,西南证券,证券,20010109,主板
600371.SH,万向德农,种植业,20020916,主板
600372.SH,中航机载,航空,20010706,主板
600373.SH,中文传媒,出版业,20020304,主板
600375.SH,汉马科技,汽车整车,20030401,主板
600376.SH,首开股份,区域地产,20010312,主板
600377.SH,宁沪高速,路桥,20010116,主板
600378.SH,昊华科技,化工原料,20010111,主板
600379.SH,宝光股份,电气设备,20020116,主板
600380.SH,健康元,化学制药,20010608,主板
600382.SH,广东明珠,普钢,20010118,主板
600383.SH,金地集团,全国地产,20010412,主板
600386.SH,北巴传媒,汽车服务,20010216,主板
600388.SH,龙净环保,环境保护,20001229,主板
600389.SH,江山股份,农药化肥,20010110,主板
600390.SH,五矿资本,多元金融,20010115,主板
600391.SH,航发科技,航空,20011212,主板
600392.SH,盛和资源,小金属,20030529,主板
600395.SH,盘江股份,煤炭开采,20010531,主板
600396.SH,华电辽能,火力发电,20010328,主板
600397.SH,江钨装备,专用机械,20020702,主板
600398.SH,海澜之家,服饰,20001228,主板
600399.SH,抚顺特钢,特种钢,20001229,主板
600400.SH,红豆股份,服饰,20010108,主板
600403.SH,大有能源,煤炭开采,20031009,主板
600405.SH,动力源,电气设备,20040401,主板
600406.SH,国电南瑞,电气设备,20031016,主板
600408.SH,安泰集团,焦炭加工,20030212,主板
600409.SH,三友化工,化纤,20030618,主板
600410.SH,华胜天成,软件服务,20040427,主板
600415.SH,小商品城,商品城,20020509,主板
600416.SH,湘电股份,电气设备,20020718,主板
600418.SH,江淮汽车,汽车整车,20010824,主板
600419.SH,天润乳业,乳制品,20010628,主板
600420.SH,国药现代,化学制药,20040616,主板
600422.SH,昆药集团,中成药,20001206,主板
600425.SH,青松建化,水泥,20030724,主板
600426.SH,华鲁恒升,农药化肥,20020620,主板
600428.SH,中远海特,水运,20020418,主板
600429.SH,三元股份,乳制品,20030915,主板
600433.SH,冠豪高新,造纸,20030619,主板
600435.SH,北方导航,专用机械,20030704,主板
600436.SH,片仔癀,中成药,20030616,主板
600438.SH,通威股份,电气设备,20040302,主板
600439.SH,瑞贝卡,服饰,20030710,主板
600444.SH,国机通用,专用机械,20040219,主板
600446.SH,金证股份,软件服务,20031224,主板
600448.SH,华纺股份,纺织,20010903,主板
600449.SH,宁夏建材,水泥,20030829,主板
600452.SH,涪陵电力,水力发电,20040303,主板
600455.SH,博通股份,文教休闲,20040329,主板
600456.SH,宝钛股份,小金属,20020412,主板
600458.SH,时代新材,塑料,20021219,主板
600459.SH,贵研铂业,小金属,20030516,主板
600460.SH,士兰微,半导体,20030311,主板
600461.SH,洪城环境,水务,20040601,主板
600463.SH,空港股份,园区开发,20040318,主板
600467.SH,好当家,渔业,20040405,主板
600468.SH,百利电气,电气设备,20010615,主板
600469.SH,风神股份,汽车配件,20031021,主板
600470.SH,六国化工,农药化肥,20040305,主板
600475.SH,华光环能,电气设备,20030721,主板
600477.SH,杭萧钢构,钢加工,20031110,主板
600478.SH,科力远,电气设备,20030918,主板
600479.SH,千金药业,中成药,20040312,主板
600480.SH,凌云股份,汽车配件,20030815,主板
600481.SH,双良节能,电气设备,20030422,主板
600483.SH,福能股份,新型电力,20040531,主板
600486.SH,扬农化工,农药化肥,20020425,主板
600487.SH,亨通光电,通信设备,20030822,主板
600488.SH,津药药业,化学制药,20010618,主板
600489.SH,中金黄金,黄金,20030814,主板
600490.SH,鹏欣资源,铜,20030626,主板
600493.SH,凤竹纺织,纺织,20040421,主板
600495.SH,晋西车轴,运输设备,20040526,主板
600496.SH,精工钢构,钢加工,20020605,主板
600497.SH,驰宏锌锗,铅锌,20040420,主板
600498.SH,烽火通信,通信设备,20010823,主板
600499.SH,科达制造,专用机械,20021010,主板
600500.SH,中化国际,塑料,20000301,主板
600501.SH,航天晨光,专用机械,20010615,主板
600502.SH,安徽建工,建筑工程,20030415,主板
600503.SH,华丽家族,区域地产,20020709,主板
600505.SH,西昌电力,水力发电,20020530,主板
600506.SH,统一股份,石油加工,20011226,主板
600507.SH,方大特钢,特种钢,20030930,主板
600508.SH,上海能源,煤炭开采,20010829,主板
600509.SH,天富能源,火力发电,20020228,主板
600510.SH,黑牡丹,全国地产,20020618,主板
600511.SH,国药股份,医药商业,20021127,主板
600512.SH,腾达建设,建筑工程,20021226,主板
600513.SH,联环药业,化学制药,20030319,主板
600515.SH,海南机场,机场,20020806,主板
600516.SH,方大炭素,矿物制品,20020830,主板
600517.SH,国网英大,多元金融,20031010,主板
600518.SH,康美药业,中成药,20010319,主板
600519.SH,贵州茅台,白酒,20010827,主板
600520.SH,三佳科技,半导体,20020108,主板
600521.SH,华海药业,化学制药,20030304,主板
600522.SH,中天科技,通信设备,20021024,主板
600523.SH,贵航股份,汽车配件,20011227,主板
600526.SH,菲达环保,环境保护,20020722,主板
600527.SH,江南高纤,化纤,20031127,主板
600528.SH,中铁工业,运输设备,20010528,主板
600529.SH,山东药玻,医疗保健,20020603,主板
600530.SH,交大昂立,医疗保健,20010702,主板
600531.SH,豫光金铅,铅锌,20020730,主板
600533.SH,栖霞建设,区域地产,20020328,主板
600535.SH,天士力,中成药,20020823,主板
600536.SH,中国软件,软件服务,20020517,主板
600538.SH,国发股份,医药商业,20030114,主板
600539.SH,狮头股份,互联网,20010824,主板
600540.SH,新赛股份,种植业,20040107,主板
600545.SH,卓郎智能,纺织机械,20031203,主板
600546.SH,山煤国际,煤炭开采,20030731,主板
600547.SH,山东黄金,黄金,20030828,主板
600548.SH,深高速,路桥,20011225,主板
600549.SH,厦门钨业,小金属,20021107,主板
600550.SH,保变电气,电气设备,20010228,主板
600551.SH,时代出版,出版业,20020905,主板
600552.SH,凯盛科技,元器件,20021108,主板
600556.SH,天下秀,互联网,20010807,主板
600557.SH,康缘药业,中成药,20020918,主板
600558.SH,大西洋,钢加工,20010227,主板
600559.SH,老白干酒,白酒,20021029,主板
600560.SH,金自天正,电气设备,20020919,主板
600561.SH,江西长运,公共交通,20020716,主板
600562.SH,国睿科技,通信设备,20030128,主板
600563.SH,法拉电子,元器件,20021210,主板
600566.SH,济川药业,中成药,20010822,主板
600567.SH,山鹰国际,造纸,20011218,主板
600569.SH,安阳钢铁,普钢,20010820,主板
600570.SH,恒生电子,软件服务,20031216,主板
600571.SH,信雅达,软件服务,20021101,主板
600572.SH,康恩贝,中成药,20040412,主板
600573.SH,惠泉啤酒,啤酒,20030226,主板
600575.SH,淮河能源,火力发电,20030328,主板
600576.SH,祥源文旅,旅游景点,20030220,主板
600577.SH,精达股份,电气设备,20020911,主板
600578.SH,京能电力,火力发电,20020510,主板
600579.SH,中化装备,化工机械,20020809,主板
600580.SH,卧龙电驱,电气设备,20020606,主板
600582.SH,天地科技,专用机械,20020515,主板
600583.SH,海油工程,石油开采,20020205,主板
600584.SH,长电科技,半导体,20030603,主板
600585.SH,海螺水泥,水泥,20020207,主板
600586.SH,金晶科技,玻璃,20020815,主板
600587.SH,新华医疗,医疗保健,20020927,主板
600588.SH,用友网络,软件服务,20010518,主板
600589.SH,大位科技,软件服务,20010612,主板
600590.SH,泰豪科技,通信设备,20020703,主板
600592.SH,龙溪股份,机械基件,20020805,主板
600593.SH,大连圣亚,旅游景点,20020711,主板
600594.SH,益佰制药,中成药,20040323,主板
600595.SH,中孚实业,铝,20020626,主板
600596.SH,新安股份,化工原料,20010906,主板
600597.SH,光明乳业,乳制品,20020828,主板
600598.SH,北大荒,种植业,20020329,主板
600600.SH,青岛啤酒,啤酒,19930827,主板
600601.SH,方正科技,元器件,19901219,主板
600602.SH,云赛智联,软件服务,19901219,主板
600603.SH,广汇物流,区域地产,19920113,主板
600604.SH,市北高新,园区开发,19920327,主板
600605.SH,汇通能源,房产服务,19920327,主板
600606.SH,绿地控股,全国地产,19920327,主板
600609.SH,金杯汽车,汽车配件,19920724,主板
600610.SH,中毅达,化工原料,19920805,主板
600611.SH,大众交通,公共交通,19920807,主板
600612.SH,老凤祥,服饰,19920814,主板
600613.SH,神奇制药,中成药,19920820,主板
600615.SH,鑫源智造,铝,19920910,主板
600616.SH,金枫酒业,红黄酒,19920929,主板
600617.SH,国新能源,供气供热,19921013,主板
600618.SH,氯碱化工,化工原料,19921113,主板
600619.SH,海立股份,家用电器,19921116,主板
600620.SH,天宸股份,综合类,19921117,主板
600621.SH,华鑫股份,证券,19921202,主板
600622.SH,光大嘉宝,区域地产,19921203,主板
600623.SH,华谊集团,化工原料,19921204,主板
600626.SH,申达股份,汽车配件,19930107,主板
600628.SH,新世界,百货,19930119,主板
600629.SH,华建集团,建筑工程,19930209,主板
600630.SH,龙头股份,服饰,19930209,主板
600633.SH,浙数文化,互联网,19930304,主板
600635.SH,大众公用,供气供热,19930304,主板
600637.SH,东方明珠,影视音像,19930316,主板
600638.SH,新黄浦,区域地产,19930326,主板
600639.SH,浦东金桥,园区开发,19930326,主板
600640.SH,国脉文化,影视音像,19930407,主板
600641.SH,先导基电,半导体,19930407,主板
600642.SH,申能股份,火力发电,19930416,主板
600643.SH,爱建集团,多元金融,19930426,主板
600644.SH,乐山电力,水力发电,19930426,主板
600645.SH,中源协和,医疗保健,19930504,主板
600648.SH,外高桥,园区开发,19930504,主板
600649.SH,城投控股,区域地产,19930518,主板
600650.SH,锦江在线,公共交通,19930607,主板
600651.SH,飞乐音响,电器仪表,19901219,主板
600653.SH,申华控股,汽车服务,19901219,主板
600654.SH,中安科,仓储物流,19901219,主板
600655.SH,豫园股份,百货,19920902,主板
600657.SH,信达地产,全国地产,19930524,主板
600658.SH,电子城,园区开发,19930524,主板
600660.SH,福耀玻璃,汽车配件,19930610,主板
600661.SH,昂立教育,文教休闲,19930614,主板
600662.SH,外服控股,文教休闲,19930614,主板
600663.SH,陆家嘴,园区开发,19930628,主板
600664.SH,哈药股份,化学制药,19930629,主板
600665.SH,天地源,全国地产,19930709,主板
600666.SH,奥瑞德,元器件,19930712,主板
600667.SH,太极实业,半导体,19930728,主板
600668.SH,尖峰集团,水泥,19930728,主板
600671.SH,天目药业,中成药,19930823,主板
600673.SH,东阳光,综合类,19930917,主板
600674.SH,川投能源,水力发电,19930924,主板
600675.SH,中华企业,区域地产,19930924,主板
600676.SH,交运股份,汽车配件,19930928,主板
600679.SH,上海凤凰,文教休闲,19931008,主板
600681.SH,百川能源,供气供热,19931018,主板
600682.SH,南京新百,生物制药,19931018,主板
600683.SH,京投发展,区域地产,19931025,主板
600684.SH,珠江股份,区域地产,19931028,主板
600685.SH,中船防务,船舶,19931028,主板
600686.SH,金龙汽车,汽车整车,19931108,主板
600688.SH,上海石化,石油加工,19931108,主板
600689.SH,上海三毛,综合类,19931108,主板
600690.SH,海尔智家,家用电器,19931119,主板
600691.SH,潞化科技,农药化肥,19931119,主板
600692.SH,亚通股份,区域地产,19931119,主板
600693.SH,东百集团,百货,19931122,主板
600694.SH,大商股份,百货,19931122,主板
600697.SH,欧亚集团,百货,19931206,主板
600698.SH,湖南天雁,汽车配件,19931206,主板
600699.SH,均胜电子,汽车配件,19931206,主板
600702.SH,舍得酒业,白酒,19960524,主板
600703.SH,三安光电,半导体,19960528,主板
600704.SH,物产中大,仓储物流,19960606,主板
600706.SH,曲江文旅,旅游景点,19960516,主板
600707.SH,彩虹股份,元器件,19960520,主板
600708.SH,光明地产,全国地产,19960606,主板
600710.SH,苏美达,商贸代理,19960701,主板
600711.SH,盛屯矿业,小金属,19960531,主板
600712.SH,南宁百货,百货,19960626,主板
600713.SH,南京医药,医药商业,19960701,主板
600714.SH,金瑞矿业,化工原料,19960606,主板
600715.SH,文投控股,影视音像,19960701,主板
600716.SH,凤凰股份,区域地产,19960702,主板
600717.SH,天津港,港口,19960614,主板
600718.SH,东软集团,软件服务,19960618,主板
600719.SH,大连热电,供气供热,19960716,主板
600720.SH,中交设计,建筑工程,19960716,主板
600721.SH,百花医药,生物制药,19960626,主板
600722.SH,金牛化工,化工原料,19960626,主板
600724.SH,宁波富达,综合类,19960716,主板
600725.SH,云维股份,商贸代理,19960702,主板
600726.SH,华电能源,火力发电,19960701,主板
600727.SH,鲁北化工,化工原料,19960702,主板
600728.SH,佳都科技,软件服务,19960716,主板
600729.SH,重百集团,百货,19960702,主板
600731.SH,湖南海利,农药化肥,19960802,主板
600732.SH,爱旭股份,电气设备,19960816,主板
600733.SH,北汽蓝谷,汽车整车,19960816,主板
600736.SH,苏州高新,园区开发,19960815,主板
600737.SH,中粮糖业,食品,19960731,主板
600738.SH,丽尚国潮,百货,19960802,主板
600739.SH,辽宁成大,生物制药,19960819,主板
600740.SH,山西焦化,焦炭加工,19960808,主板
600741.SH,华域汽车,汽车配件,19960826,主板
600742.SH,富维股份,汽车配件,19960826,主板
600743.SH,华远控股,区域地产,19960909,主板
600744.SH,华银电力,火力发电,19960905,主板
600746.SH,江苏索普,化工原料,19960918,主板
600748.SH,上实发展,全国地产,19960925,主板
600749.SH,西藏旅游,旅游景点,19961015,主板
600750.SH,华润江中,中成药,19960923,主板
600751.SH,海航科技,水运,19960909,主板
600754.SH,锦江酒店,酒店餐饮,19961011,主板
600755.SH,厦门国贸,仓储物流,19961003,主板
600756.SH,浪潮软件,软件服务,19960923,主板
600757.SH,长江传媒,出版业,19961003,主板
600758.SH,辽宁能源,煤炭开采,19961029,主板
600760.SH,中航沈飞,航空,19961011,主板
600761.SH,安徽合力,工程机械,19961009,主板
600763.SH,通策医疗,医疗保健,19961030,主板
600764.SH,中国海防,船舶,19961104,主板
600765.SH,中航重机,航空,19961106,主板
600768.SH,宁波富邦,铝,19961111,主板
600769.SH,祥龙电业,水务,19961101,主板
600770.SH,综艺股份,综合类,19961120,主板
600771.SH,广誉远,中成药,19961105,主板
600773.SH,西藏城投,区域地产,19961108,主板
600774.SH,汉商集团,化学制药,19961108,主板
600775.SH,南京熊猫,通信设备,19961118,主板
600776.SH,东方通信,通信设备,19961126,主板
600778.SH,友好集团,百货,19961203,主板
600779.SH,水井坊,白酒,19961206,主板
600780.SH,通宝能源,火力发电,19961205,主板
600782.SH,新钢股份,普钢,19961225,主板
600783.SH,鲁信创投,专用机械,19961225,主板
600784.SH,鲁银投资,综合类,19961225,主板
600785.SH,新华百货,百货,19970108,主板
600787.SH,中储股份,仓储物流,19970121,主板
600789.SH,鲁抗医药,化学制药,19970226,主板
600790.SH,轻纺城,商品城,19970228,主板
600791.SH,京能置业,全国地产,19970130,主板
600792.SH,云煤能源,焦炭加工,19970123,主板
600793.SH,宜宾纸业,造纸,19970220,主板
600794.SH,保税科技,仓储物流,19970306,主板
600795.SH,国电电力,火力发电,19970318,主板
600796.SH,钱江生化,环境保护,19970408,主板
600797.SH,浙大网新,软件服务,19970418,主板
600798.SH,宁波海运,水运,19970423,主板
600800.SH,渤海化学,化工原料,19931206,主板
600801.SH,华新建材,水泥,19940103,主板
600802.SH,福建水泥,水泥,19940103,主板
600803.SH,新奥股份,供气供热,19940103,主板
600805.SH,悦达投资,综合类,19940103,主板
600807.SH,济高发展,医疗保健,19940103,主板
600808.SH,马钢股份,普钢,19940106,主板
600809.SH,山西汾酒,白酒,19940106,主板
600810.SH,神马股份,化纤,19940106,主板
600812.SH,华北制药,化学制药,19940114,主板
600814.SH,杭州解百,百货,19940114,主板
600815.SH,厦工股份,工程机械,19940128,主板
600816.SH,建元信托,多元金融,19940128,主板
600817.SH,宇通重工,专用机械,19940128,主板
600819.SH,耀皮玻璃,玻璃,19940128,主板
600820.SH,隧道股份,建筑工程,19940128,主板
600821.SH,金开新能,新型电力,19940128,主板
600822.SH,上海物贸,汽车服务,19940204,主板
600824.SH,益民集团,百货,19940204,主板
600825.SH,新华传媒,出版业,19940204,主板
600826.SH,兰生股份,文教休闲,19940204,主板
600827.SH,百联股份,超市连锁,19940204,主板
600828.SH,茂业商业,百货,19940224,主板
600829.SH,人民同泰,医药商业,19940224,主板
600830.SH,香溢融通,多元金融,19940224,主板
600831.SH,广电网络,影视音像,19940224,主板
600833.SH,第一医药,医药商业,19940224,主板
600834.SH,申通地铁,公共交通,19940224,主板
600835.SH,上海机电,运输设备,19940224,主板
600838.SH,上海九百,百货,19940224,主板
600839.SH,四川长虹,家用电器,19940311,主板
600841.SH,动力新科,汽车配件,19940311,主板
600843.SH,上工申贝,纺织机械,19940311,主板
600844.SH,金煤科技,化工原料,19940311,主板
600845.SH,XD宝信软,软件服务,19940311,主板
600846.SH,同济科技,建筑工程,19940311,主板
600847.SH,万里股份,电气设备,19940324,主板
600848.SH,上海临港,园区开发,19940324,主板
601607.SH,上海医药,医药商业,19940324,主板
600850.SH,电科数字,软件服务,19940324,主板
600851.SH,海欣股份,化学制药,19940404,主板
600853.SH,龙建股份,建筑工程,19940404,主板
600854.SH,春兰股份,家用电器,19940425,主板
600855.SH,航天长峰,专用机械,19940425,主板
600857.SH,宁波中百,百货,19940425,主板
600858.SH,银座股份,百货,19940506,主板
600859.SH,王府井,百货,19940506,主板
600860.SH,京城股份,专用机械,19940506,主板
600861.SH,北京人力,文教休闲,19940520,主板
600862.SH,中航高科,航空,19940520,主板
600863.SH,华能蒙电,火力发电,19940520,主板
600864.SH,哈投股份,证券,19940809,主板
600865.SH,百大集团,百货,19940809,主板
600866.SH,星湖科技,饲料,19940818,主板
600867.SH,通化东宝,生物制药,19940824,主板
600868.SH,梅雁吉祥,水力发电,19940912,主板
600869.SH,远东股份,电气设备,19950206,主板
600871.SH,石化油服,石油开采,19950411,主板
600872.SH,中炬高新,食品,19950124,主板
600873.SH,梅花生物,食品,19950217,主板
600874.SH,创业环保,环境保护,19950630,主板
600875.SH,东方电气,电气设备,19951010,主板
600876.SH,凯盛新能,玻璃,19951031,主板
600877.SH,电科芯片,半导体,19951013,主板
600879.SH,航天电子,航空,19951115,主板
600880.SH,博瑞传播,广告包装,19951115,主板
600881.SH,亚泰集团,综合类,19951115,主板
600882.SH,妙可蓝多,乳制品,19951206,主板
600883.SH,博闻科技,种植业,19951208,主板
600884.SH,杉杉股份,电气设备,19960130,主板
600885.SH,宏发股份,电气设备,19960205,主板
600886.SH,国投电力,水力发电,19960118,主板
600887.SH,伊利股份,乳制品,19960312,主板
600888.SH,新疆众和,铝,19960215,主板
600893.SH,航发动力,航空,19960408,主板
600894.SH,广日股份,运输设备,19960328,主板
600895.SH,张江高科,园区开发,19960422,主板
600897.SH,厦门空港,机场,19960531,主板
600900.SH,长江电力,水力发电,20031118,主板
600960.SH,渤海汽车,汽车配件,20040407,主板
600963.SH,岳阳林纸,造纸,20040525,主板
600966.SH,博汇纸业,造纸,20040608,主板
600967.SH,内蒙一机,运输设备,20040518,主板
600969.SH,郴电国际,水力发电,20040408,主板
600975.SH,新五丰,农业综合,20040609,主板
600976.SH,健民集团,中成药,20040419,主板
600980.SH,北矿科技,专用机械,20040512,主板
600985.SH,淮北矿业,煤炭开采,20040428,主板
600986.SH,浙文互联,互联网,20040426,主板
600988.SH,赤峰黄金,黄金,20040414,主板
600990.SH,四创电子,通信设备,20040510,主板
600992.SH,贵绳股份,钢加工,20040514,主板
600993.SH,马应龙,中成药,20040517,主板
600995.SH,南网储能,水力发电,20040615,主板
600997.SH,开滦股份,焦炭加工,20040602,主板
002017.SZ,东信和平,通信设备,20040713,主板
002003.SZ,伟星股份,服饰,20040625,主板
002004.SZ,华邦健康,农药化肥,20040625,主板
002006.SZ,精工科技,专用机械,20040625,主板
002007.SZ,华兰生物,生物制药,20040625,主板
002008.SZ,大族激光,专用机械,20040625,主板
002009.SZ,天奇股份,工程机械,20040629,主板
002010.SZ,传化智联,仓储物流,20040629,主板
002011.SZ,盾安环境,家用电器,20040705,主板
002012.SZ,凯恩股份,造纸,20040705,主板
002014.SZ,永新股份,塑料,20040708,主板
002015.SZ,协鑫能科,新型电力,20040708,主板
002016.SZ,世荣兆业,区域地产,20040708,主板
002019.SZ,亿帆医药,化学制药,20040713,主板
002020.SZ,京新药业,化学制药,20040715,主板
002021.SZ,中捷资源,纺织机械,20040715,主板
002022.SZ,科华生物,医疗保健,20040721,主板
002023.SZ,海特高新,航空,20040721,主板
002025.SZ,航天电器,元器件,20040726,主板
002026.SZ,山东威达,机械基件,20040727,主板
002027.SZ,分众传媒,广告包装,20040804,主板
002028.SZ,思源电气,电气设备,20040805,主板
002029.SZ,七匹狼,服饰,20040806,主板
002030.SZ,达安基因,医疗保健,20040809,主板
002031.SZ,巨轮智能,汽车配件,20040816,主板
002032.SZ,苏泊尔,家用电器,20040817,主板
002033.SZ,丽江股份,旅游景点,20040825,主板
002034.SZ,旺能环境,环境保护,20040826,主板
002035.SZ,华帝股份,家用电器,20040901,主板
002036.SZ,联创电子,元器件,20040903,主板
002037.SZ,保利联合,化工原料,20040908,主板
002038.SZ,双鹭药业,生物制药,20040909,主板
600022.SH,山东钢铁,普钢,20040629,主板
600143.SH,金发科技,塑料,20040623,主板
600482.SH,中国动力,船舶,20040714,主板
600961.SH,株冶集团,铅锌,20040830,主板
600962.SH,国投中鲁,软饮料,20040622,主板
600971.SH,恒源煤电,煤炭开采,20040817,主板
600973.SH,宝胜股份,电气设备,20040802,主板
600979.SH,广安爱众,水力发电,20040906,主板
600981.SH,苏豪汇鸿,商贸代理,20040630,主板
600982.SH,宁波能源,供气供热,20040706,主板
600983.SH,惠而浦,家用电器,20040727,主板
600984.SH,建设机械,工程机械,20040707,主板
600987.SH,航民股份,纺织,20040809,主板
600027.SH,华电国际,火力发电,20050203,主板
002039.SZ,黔源电力,水力发电,20050303,主板
002040.SZ,南京港,港口,20050325,主板
600970.SH,中材国际,建筑工程,20050412,主板
002041.SZ,登海种业,种植业,20050418,主板
002042.SZ,华孚时尚,纺织,20050427,主板
002043.SZ,兔宝宝,其他建材,20050510,主板
002044.SZ,美年健康,医疗保健,20050518,主板
002045.SZ,国光电器,元器件,20050523,主板
002046.SZ,国机精工,机械基件,20050526,主板
002048.SZ,宁波华翔,汽车配件,20050603,主板
002049.SZ,紫光国微,半导体,20050606,主板
002050.SZ,三花智控,家用电器,20050607,主板
300150.SZ,世纪瑞尔,软件服务,20101222,创业板
002051.SZ,中工国际,建筑工程,20060619,主板
002052.SZ,同洲电子,家用电器,20060627,主板
002053.SZ,云南能投,新型电力,20060627,主板
601001.SH,晋控煤业,煤炭开采,20060623,主板
601988.SH,中国银行,银行,20060705,主板
002054.SZ,德美化工,染料涂料,20060725,主板
002056.SZ,横店东磁,电气设备,20060802,主板
600048.SH,保利发展,全国地产,20060731,主板
002057.SZ,中钢天源,矿物制品,20060802,主板
002059.SZ,云南旅游,旅游景点,20060810,主板
601006.SH,大秦铁路,铁路,20060801,主板
002060.SZ,广东建工,建筑工程,20060810,主板
002061.SZ,浙江交科,建筑工程,20060816,主板
002062.SZ,宏润建设,建筑工程,20060816,主板
002063.SZ,远光软件,软件服务,20060823,主板
002064.SZ,华峰化学,化纤,20060823,主板
002065.SZ,东华软件,软件服务,20060823,主板
002066.SZ,瑞泰科技,其他建材,20060823,主板
601111.SH,中国国航,空运,20060818,主板
002067.SZ,景兴纸业,造纸,20060915,主板
002068.SZ,黑猫股份,化工原料,20060915,主板
300016.SZ,北陆药业,化学制药,20091030,创业板
300271.SZ,华宇软件,软件服务,20111026,创业板
601699.SH,潞安环能,煤炭开采,20060922,主板
002069.SZ,獐子岛,渔业,20060928,主板
002279.SZ,久其软件,软件服务,20090811,主板
002072.SZ,凯瑞德,商贸代理,20061018,主板
601588.SH,北辰实业,区域地产,20061016,主板
002073.SZ,软控股份,专用机械,20061018,主板
600017.SH,日照港,港口,20061017,主板
002074.SZ,国轩高科,电气设备,20061018,主板
002075.SZ,沙钢股份,特种钢,20061025,主板
601398.SH,工商银行,银行,20061027,主板
002079.SZ,苏州固锝,电气设备,20061116,主板
002078.SZ,太阳纸业,造纸,20061116,主板
002077.SZ,大港股份,半导体,20061116,主板
600018.SH,上港集团,港口,20061026,主板
002080.SZ,中材科技,玻璃,20061120,主板
002081.SZ,金螳螂,装修装饰,20061120,主板
601666.SH,平煤股份,煤炭开采,20061123,主板
002083.SZ,孚日股份,纺织,20061124,主板
002084.SZ,海鸥住工,家居用品,20061124,主板
002085.SZ,万丰奥威,汽车配件,20061128,主板
002086.SZ,东方海洋,渔业,20061128,主板
002088.SZ,鲁阳节能,矿物制品,20061130,主板
601872.SH,招商轮船,水运,20061201,主板
002090.SZ,金智科技,电气设备,20061208,主板
002091.SZ,江苏国泰,商贸代理,20061208,主板
002092.SZ,中泰化学,化工原料,20061208,主板
601991.SH,大唐发电,火力发电,20061220,主板
002095.SZ,生意宝,互联网,20061215,主板
002094.SZ,青岛金王,日用化工,20061215,主板
002093.SZ,国脉科技,文教休闲,20061215,主板
002101.SZ,广东鸿图,汽车配件,20061229,主板
002099.SZ,海翔药业,化学制药,20061226,主板
002100.SZ,天康生物,饲料,20061226,主板
002097.SZ,山河智能,工程机械,20061222,主板
002096.SZ,易普力,化工原料,20061222,主板
002098.SZ,浔兴股份,服饰,20061222,主板
002103.SZ,广博股份,文教休闲,20070110,主板
002105.SZ,信隆健康,摩托车,20070112,主板
601333.SH,广深铁路,铁路,20061222,主板
002104.SZ,恒宝股份,通信设备,20070110,主板
002110.SZ,三钢闽光,普钢,20070126,主板
002108.SZ,沧州明珠,塑料,20070124,主板
002106.SZ,莱宝高科,元器件,20070112,主板
601002.SH,晋亿实业,机械基件,20070126,主板
601628.SH,中国人寿,保险,20070109,主板
002107.SZ,沃华医药,中成药,20070124,主板
002111.SZ,威海广泰,航空,20070126,主板
002121.SZ,科陆电子,电器仪表,20070306,主板
002112.SZ,三变科技,电气设备,20070208,主板
002114.SZ,罗平锌电,铅锌,20070215,主板
002115.SZ,三维通信,互联网,20070215,主板
002120.SZ,韵达股份,仓储物流,20070306,主板
002116.SZ,中国海诚,建筑工程,20070215,主板
002117.SZ,东港股份,广告包装,20070302,主板
601166.SH,兴业银行,银行,20070205,主板
002119.SZ,康强电子,半导体,20070302,主板
601003.SH,柳钢股份,普钢,20070227,主板
002124.SZ,天邦食品,农业综合,20070403,主板
601005.SH,重庆钢铁,普钢,20070228,主板
601318.SH,中国平安,保险,20070301,主板
002123.SZ,梦网科技,互联网,20070328,主板
601007.SH,金陵饭店,酒店餐饮,20070406,主板
002125.SZ,湘潭电化,化工原料,20070403,主板
300318.SZ,博晖创新,医疗保健,20120523,创业板
002126.SZ,银轮股份,汽车配件,20070418,主板
601008.SH,连云港,港口,20070426,主板
002130.SZ,沃尔核材,电气设备,20070420,主板
002129.SZ,TCL中环,电气设备,20070420,主板
002127.SZ,南极电商,互联网,20070418,主板
002131.SZ,利欧股份,互联网,20070427,主板
002132.SZ,恒星科技,钢加工,20070427,主板
002134.SZ,天津普林,元器件,20070516,主板
002135.SZ,东南网架,钢加工,20070530,主板
002136.SZ,安纳达,化工原料,20070530,主板
002133.SZ,广宇集团,全国地产,20070427,主板
000338.SZ,潍柴动力,汽车配件,20070430,主板
002128.SZ,电投能源,煤炭开采,20070418,主板
601998.SH,中信银行,银行,20070427,主板
002139.SZ,拓邦股份,元器件,20070629,主板
601328.SH,交通银行,银行,20070515,主板
601600.SH,中国铝业,铝,20070430,主板
002137.SZ,实益达,元器件,20070613,主板
002138.SZ,顺络电子,元器件,20070613,主板
002170.SZ,芭田股份,农药化肥,20070919,主板
002140.SZ,东华科技,建筑工程,20070712,主板
601919.SH,中远海控,水运,20070626,主板
601168.SH,西部矿业,铜,20070712,主板
002144.SZ,宏达高科,纺织,20070803,主板
002141.SZ,贤丰控股,农业综合,20070720,主板
002142.SZ,宁波银行,银行,20070719,主板
601009.SH,南京银行,银行,20070719,主板
002153.SZ,石基信息,软件服务,20070813,主板
002146.SZ,荣盛发展,全国地产,20070808,主板
002159.SZ,三特索道,旅游服务,20070817,主板
002148.SZ,北纬科技,互联网,20070810,主板
002150.SZ,正泰电源,机械基件,20070810,主板
002152.SZ,广电运通,IT设备,20070813,主板
002149.SZ,西部材料,小金属,20070810,主板
002157.SZ,正邦科技,农业综合,20070817,主板
002155.SZ,湖南黄金,黄金,20070816,主板
002151.SZ,北斗星通,通信设备,20070813,主板
002156.SZ,通富微电,半导体,20070816,主板
002145.SZ,钛能化学,化工原料,20070803,主板
002158.SZ,汉钟精机,工程机械,20070817,主板
002160.SZ,常铝股份,铝,20070821,主板
002161.SZ,远望谷,通信设备,20070821,主板
002254.SZ,泰和新材,化纤,20080625,主板
002154.SZ,报喜鸟,服饰,20070816,主板
002164.SZ,宁波东力,机械基件,20070823,主板
002162.SZ,悦心健康,陶瓷,20070823,主板
002163.SZ,海南发展,装修装饰,20070823,主板
002169.SZ,智光电气,电气设备,20070919,主板
002167.SZ,东方锆业,小金属,20070913,主板
002171.SZ,楚江新材,铜,20070921,主板
002165.SZ,红宝丽,化工原料,20070913,主板
002192.SZ,融捷股份,小金属,20071205,主板
002166.SZ,莱茵生物,中成药,20070913,主板
002172.SZ,澳洋健康,医疗保健,20070921,主板
002174.SZ,游族网络,互联网,20070925,主板
601169.SH,北京银行,银行,20070919,主板
002173.SZ,创新医疗,医疗保健,20070925,主板
002176.SZ,江特电机,小金属,20071012,主板
002179.SZ,中航光电,元器件,20071101,主板
002177.SZ,御银股份,其他商业,20071101,主板
002180.SZ,奔图科技,IT设备,20071113,主板
601939.SH,建设银行,银行,20070925,主板
002178.SZ,延华智能,软件服务,20071101,主板
601808.SH,中海油服,石油开采,20070928,主板
002183.SZ,怡亚通,仓储物流,20071113,主板
002185.SZ,华天科技,半导体,20071120,主板
002182.SZ,宝武镁业,小金属,20071113,主板
002184.SZ,海得控制,机械基件,20071116,主板
601088.SH,中国神华,煤炭开采,20071009,主板
002189.SZ,中光学,元器件,20071203,主板
601857.SH,中国石油,石油开采,20071105,主板
002188.SZ,中天服务,房产服务,20071122,主板
002187.SZ,广百股份,百货,20071122,主板
002186.SZ,全聚德,酒店餐饮,20071120,主板
002196.SZ,方正电机,纺织机械,20071212,主板
002208.SZ,合肥城建,区域地产,20080128,主板
002190.SZ,成飞集成,汽车配件,20071203,主板
002191.SZ,劲嘉股份,广告包装,20071205,主板
002194.SZ,武汉凡谷,通信设备,20071207,主板
002195.SZ,岩山科技,软件服务,20071212,主板
300213.SZ,佳讯飞鸿,通信设备,20110505,创业板
601390.SH,中国中铁,建筑工程,20071203,主板
601918.SH,新集能源,煤炭开采,20071219,主板
002197.SZ,证通电子,IT设备,20071218,主板
002201.SZ,九鼎新材,玻璃,20071226,主板
002203.SZ,海亮股份,铜,20080116,主板
601999.SH,出版传媒,出版业,20071221,主板
002202.SZ,金风科技,电气设备,20071226,主板
601866.SH,中远海发,水运,20071212,主板
002204.SZ,大连重工,专用机械,20080116,主板
002205.SZ,国统股份,水泥,20080123,主板
601601.SH,中国太保,保险,20071225,主板
002206.SZ,海利得,化纤,20080123,主板
002209.SZ,达意隆,轻工机械,20080130,主板
002210.SZ,飞马国际,环境保护,20080130,主板
002213.SZ,大为股份,半导体,20080201,主板
601099.SH,太平洋,证券,20071228,主板
002212.SZ,天融信,软件服务,20080201,主板
002216.SZ,三全食品,食品,20080220,主板
601899.SH,紫金矿业,铜,20080425,主板
002215.SZ,诺普信,农药化肥,20080218,主板
002226.SZ,江南化工,化工原料,20080506,主板
002217.SZ,合力泰,元器件,20080220,主板
002218.SZ,拓日新能,新型电力,20080228,主板
002222.SZ,福晶科技,元器件,20080319,主板
601898.SH,中煤能源,煤炭开采,20080201,主板
002221.SZ,东华能源,石油加工,20080306,主板
002224.SZ,三力士,橡胶,20080425,主板
002219.SZ,新里程,医疗保健,20080306,主板
601958.SH,金钼股份,小金属,20080417,主板
601186.SH,中国铁建,建筑工程,20080310,主板
002223.SZ,鱼跃医疗,医疗保健,20080418,主板
002225.SZ,濮耐股份,其他建材,20080425,主板
002228.SZ,合兴包装,广告包装,20080508,主板
002244.SZ,滨江集团,区域地产,20080529,主板
002230.SZ,科大讯飞,软件服务,20080512,主板
002237.SZ,恒邦股份,黄金,20080520,主板
002235.SZ,安妮股份,造纸,20080516,主板
002232.SZ,启明信息,软件服务,20080509,主板
002249.SZ,大洋电机,电气设备,20080619,主板
002229.SZ,鸿博股份,广告包装,20080508,主板
002234.SZ,民和股份,农业综合,20080516,主板
002246.SZ,北化股份,化工原料,20080605,主板
002233.SZ,塔牌集团,水泥,20080516,主板
002243.SZ,力合科创,广告包装,20080528,主板
002236.SZ,大华股份,IT设备,20080520,主板
002265.SZ,建设工业,专用机械,20080806,主板
002252.SZ,上海莱士,生物制药,20080623,主板
002240.SZ,盛新锂能,小金属,20080523,主板
002247.SZ,聚力文化,其他建材,20080612,主板
002239.SZ,奥特佳,汽车配件,20080522,主板
002238.SZ,天威视讯,影视音像,20080526,主板
002242.SZ,九阳股份,家用电器,20080528,主板
002245.SZ,蔚蓝锂芯,电气设备,20080605,主板
002241.SZ,歌尔股份,元器件,20080522,主板
002248.SZ,华东数控,机床制造,20080612,主板
002263.SZ,大东南,塑料,20080728,主板
002274.SZ,华昌化工,农药化肥,20080925,主板
002251.SZ,步步高,超市连锁,20080619,主板
002256.SZ,兆新股份,新型电力,20080625,主板
002261.SZ,拓维信息,软件服务,20080723,主板
002255.SZ,海陆重工,专用机械,20080625,主板
002259.SZ,升达林业,供气供热,20080716,主板
002262.SZ,恩华药业,化学制药,20080723,主板
002264.SZ,新华都,互联网,20080731,主板
002258.SZ,利尔化学,农药化肥,20080708,主板
002250.SZ,联化科技,化工原料,20080619,主板
601668.SH,中国建筑,建筑工程,20090729,主板
002267.SZ,陕天然气,供气供热,20080813,主板
002268.SZ,电科网安,IT设备,20080811,主板
002271.SZ,东方雨虹,其他建材,20080910,主板
002269.SZ,美邦服饰,服饰,20080828,主板
002270.SZ,华明装备,电气设备,20080905,主板
002272.SZ,川润股份,机械基件,20080919,主板
002266.SZ,浙富控股,环境保护,20080806,主板
002275.SZ,桂林三金,中成药,20090710,主板
002273.SZ,水晶光电,元器件,20080919,主板
002396.SZ,星网锐捷,通信设备,20100623,主板
601107.SH,四川成渝,路桥,20090727,主板
601766.SH,中国中车,运输设备,20080818,主板
601788.SH,光大证券,证券,20090818,主板
002276.SZ,万马股份,电气设备,20090710,主板
002282.SZ,博深股份,机械基件,20090821,主板
002284.SZ,亚太股份,汽车配件,20090828,主板
002283.SZ,天润工业,汽车配件,20090821,主板
002362.SZ,汉王科技,软件服务,20100303,主板
002277.SZ,友阿股份,百货,20090717,主板
601727.SH,上海电气,电气设备,20081205,主板
002278.SZ,神开股份,化工机械,20090811,主板
002461.SZ,珠江啤酒,啤酒,20100818,主板
002285.SZ,世联行,房产服务,20090828,主板
002281.SZ,光迅科技,通信设备,20090821,主板
002287.SZ,奇正藏药,中成药,20090828,主板
002286.SZ,保龄宝,食品,20090828,主板
300370.SZ,安控科技,电器仪表,20140123,创业板
002290.SZ,禾盛新材,家用电器,20090903,主板
002296.SZ,辉煌科技,通信设备,20090929,主板
002295.SZ,精艺股份,铜,20090929,主板
002291.SZ,遥望科技,广告包装,20090903,主板
002300.SZ,太阳电缆,电气设备,20091021,主板
002292.SZ,奥飞娱乐,影视音像,20090910,主板
002293.SZ,罗莱生活,纺织,20090910,主板
002294.SZ,信立泰,化学制药,20090910,主板
600999.SH,招商证券,证券,20091117,主板
002297.SZ,博云新材,航空,20090929,主板
300002.SZ,神州泰岳,互联网,20091030,创业板
002599.SZ,盛通股份,广告包装,20110715,主板
601126.SH,四方股份,电气设备,20101231,主板
601633.SH,长城汽车,汽车整车,20110928,主板
002467.SZ,二六三,互联网,20100908,主板
002446.SZ,盛路通信,通信设备,20100713,主板
002448.SZ,中原内配,汽车配件,20100716,主板
002438.SZ,江苏神通,机械基件,20100623,主板
002490.SZ,山东墨龙,化工机械,20101021,主板
002419.SZ,天虹股份,百货,20100601,主板
300445.SZ,康斯特,电器仪表,20150424,创业板
300353.SZ,东土科技,通信设备,20120927,创业板
300444.SZ,双杰电气,电气设备,20150423,创业板
002298.SZ,中电鑫龙,电气设备,20090929,主板
002506.SZ,协鑫集成,电气设备,20101118,主板
601888.SH,中国中免,旅游服务,20091015,主板
002299.SZ,圣农发展,农业综合,20091021,主板
002301.SZ,齐心集团,文教休闲,20091021,主板
002489.SZ,浙江永强,家居用品,20101021,主板
002304.SZ,洋河股份,白酒,20091106,主板
002365.SZ,永安药业,化学制药,20100305,主板
002302.SZ,西部建设,水泥,20091103,主板
002307.SZ,北新路桥,建筑工程,20091111,主板
002350.SZ,北京科锐,电气设备,20100203,主板
002315.SZ,焦点科技,互联网,20091209,主板
002303.SZ,美盈森,造纸,20091103,主板
002756.SZ,永兴材料,小金属,20150515,主板
002310.SZ,东方新能,新型电力,20091127,主板
601139.SH,深圳燃气,供气供热,20091225,主板
002309.SZ,中利集团,电气设备,20091127,主板
002311.SZ,海大集团,饲料,20091127,主板
002312.SZ,川发龙蟒,化工原料,20091203,主板
002523.SZ,天桥起重,专用机械,20101210,主板
601618.SH,中国中冶,建筑工程,20090921,主板
002313.SZ,日海智能,通信设备,20091203,主板
002314.SZ,南山控股,区域地产,20091203,主板
002316.SZ,亚联发展,软件服务,20091209,主板
002356.SZ,赫美集团,其他商业,20100209,主板
601117.SH,中国化学,建筑工程,20100107,主板
002318.SZ,久立特材,特种钢,20091211,主板
002327.SZ,富安娜,纺织,20091230,主板
002317.SZ,众生药业,中成药,20091211,主板
002319.SZ,乐通股份,染料涂料,20091211,主板
002474.SZ,榕基软件,软件服务,20100915,主板
002321.SZ,华英农业,农业综合,20091216,主板
300001.SZ,特锐德,电气设备,20091030,创业板
002331.SZ,皖通科技,软件服务,20100106,主板
300004.SZ,南风股份,电气设备,20091030,创业板
300008.SZ,天海防务,船舶,20091030,创业板
300003.SZ,乐普医疗,医疗保健,20091030,创业板
300006.SZ,莱美药业,化学制药,20091030,创业板
300007.SZ,汉威科技,电器仪表,20091030,创业板
300014.SZ,亿纬锂能,电气设备,20091030,创业板
300009.SZ,安科生物,生物制药,20091030,创业板
300011.SZ,鼎汉技术,运输设备,20091030,创业板
300005.SZ,探路者,服饰,20091030,创业板
300013.SZ,新宁物流,仓储物流,20091030,创业板
601801.SH,皖新传媒,出版业,20100118,主板
002328.SZ,新朋股份,汽车配件,20091230,主板
300012.SZ,华测检测,电器仪表,20091030,创业板
300018.SZ,中元股份,电气设备,20091030,创业板
300071.SZ,福石控股,广告包装,20100421,创业板
300017.SZ,网宿科技,软件服务,20091030,创业板
300015.SZ,爱尔眼科,医疗保健,20091030,创业板
300019.SZ,硅宝科技,化工原料,20091030,创业板
300022.SZ,吉峰科技,农用机械,20091030,创业板
300024.SZ,机器人,专用机械,20091030,创业板
300021.SZ,大禹节水,建筑工程,20091030,创业板
300033.SZ,同花顺,软件服务,20091225,创业板
002320.SZ,海峡股份,水运,20091216,主板
601877.SH,正泰电器,电气设备,20100121,主板
300026.SZ,红日药业,中成药,20091030,创业板
300025.SZ,华星创业,通信设备,20091030,创业板
002324.SZ,普利特,塑料,20091218,主板
002322.SZ,理工能科,软件服务,20091218,主板
002326.SZ,永太科技,化工原料,20091222,主板
002330.SZ,得利斯,食品,20100106,主板
002329.SZ,皇氏集团,乳制品,20100106,主板
002333.SZ,罗普斯金,其他建材,20100112,主板
002332.SZ,仙琚制药,化学制药,20100112,主板
002334.SZ,英威腾,电气设备,20100113,主板
002337.SZ,赛象科技,化工机械,20100115,主板
002335.SZ,科华数据,电气设备,20100113,主板
002338.SZ,奥普光电,电器仪表,20100115,主板
002340.SZ,格林美,小金属,20100122,主板
002561.SZ,徐家汇,百货,20110303,主板
002339.SZ,积成电子,电气设备,20100122,主板
002344.SZ,海宁皮城,商品城,20100126,主板
300031.SZ,宝通科技,互联网,20091225,创业板
300139.SZ,晓程科技,黄金,20101112,创业板
002342.SZ,巨力索具,机械基件,20100126,主板
002343.SZ,慈文传媒,影视音像,20100126,主板
002345.SZ,潮宏基,服饰,20100128,主板
002346.SZ,柘中股份,电气设备,20100128,主板
002347.SZ,泰尔股份,机械基件,20100128,主板
002348.SZ,高乐股份,文教休闲,20100203,主板
002381.SZ,双箭股份,橡胶,20100402,主板
300034.SZ,钢研高纳,航空,20091225,创业板
300032.SZ,金龙机电,元器件,20091225,创业板
002349.SZ,精华制药,中成药,20100203,主板
601678.SH,滨化股份,化工原料,20100223,主板
002351.SZ,漫步者,IT设备,20100205,主板
002352.SZ,顺丰控股,仓储物流,20100205,主板
002591.SZ,恒大高新,环境保护,20110621,主板
002355.SZ,兴民智通,汽车配件,20100209,主板
002353.SZ,杰瑞股份,化工机械,20100205,主板
002354.SZ,天娱数科,互联网,20100209,主板
300035.SZ,中科电气,电气设备,20091225,创业板
300247.SZ,融捷健康,医疗保健,20110729,创业板
300036.SZ,超图软件,软件服务,20091225,创业板
300030.SZ,阳普医疗,医疗保健,20091225,创业板
002358.SZ,森源电气,电气设备,20100210,主板
002549.SZ,凯美特气,环境保护,20110218,主板
300041.SZ,回天新材,化工原料,20100108,创业板
300037.SZ,新宙邦,化工原料,20100108,创业板
002357.SZ,富临运业,公共交通,20100210,主板
002455.SZ,百川股份,化工原料,20100803,主板
002370.SZ,亚太药业,化学制药,20100316,主板
002375.SZ,亚厦股份,装修装饰,20100323,主板
601688.SH,华泰证券,证券,20100226,主板
002369.SZ,卓翼科技,通信设备,20100316,主板
300040.SZ,九洲集团,新型电力,20100108,创业板
601058.SH,赛轮轮胎,汽车配件,20110630,主板
002364.SZ,中恒电气,电气设备,20100305,主板
300039.SZ,上海凯宝,中成药,20100108,创业板
002367.SZ,康力电梯,运输设备,20100312,主板
002366.SZ,融发核电,专用机械,20100312,主板
601179.SH,中国西电,电气设备,20100128,主板
002361.SZ,神剑股份,化工原料,20100303,主板
002368.SZ,太极股份,软件服务,20100312,主板
002374.SZ,中锐股份,广告包装,20100318,主板
300042.SZ,朗科科技,IT设备,20100108,创业板
300045.SZ,华力创通,IT设备,20100120,创业板
300049.SZ,福瑞医科,医疗保健,20100120,创业板
300047.SZ,天源迪科,软件服务,20100120,创业板
002371.SZ,北方华创,半导体,20100316,主板
300048.SZ,合康新能,电气设备,20100120,创业板
002373.SZ,千方科技,软件服务,20100318,主板
002380.SZ,科远智慧,软件服务,20100331,主板
002566.SZ,益盛药业,中成药,20110318,主板
002372.SZ,伟星新材,其他建材,20100318,主板
002376.SZ,新北洋,IT设备,20100323,主板
002397.SZ,梦洁股份,纺织,20100429,主板
601106.SH,中国一重,工程机械,20100209,主板
002378.SZ,章源钨业,小金属,20100331,主板
300050.SZ,世纪鼎利,通信设备,20100120,创业板
300046.SZ,台基股份,半导体,20100120,创业板
300043.SZ,星辉娱乐,互联网,20100120,创业板
603199.SH,九华旅游,旅游景点,20150326,主板
002383.SZ,合众思壮,通信设备,20100402,主板
002363.SZ,隆基机械,汽车配件,20100305,主板
002379.SZ,宏桥控股,铝,20100331,主板
002382.SZ,蓝帆医疗,医疗保健,20100402,主板
002421.SZ,达实智能,软件服务,20100603,主板
300277.SZ,汽轮科技,机械基件,20111123,创业板
300051.SZ,琏升科技,综合类,20100211,创业板
002392.SZ,北京利尔,其他建材,20100423,主板
002385.SZ,大北农,饲料,20100409,主板
002384.SZ,东山精密,元器件,20100409,主板
002386.SZ,天原股份,化工原料,20100409,主板
002377.SZ,国创高新,其他建材,20100323,主板
300052.SZ,中青宝,互联网,20100211,创业板
300054.SZ,鼎龙股份,化工原料,20100211,创业板
300264.SZ,佳创视讯,软件服务,20110916,创业板
002394.SZ,联发股份,纺织,20100423,主板
002393.SZ,力生制药,化学制药,20100423,主板
601158.SH,重庆水务,水务,20100329,主板
002388.SZ,新亚制程,元器件,20100413,主板
300053.SZ,航宇微,半导体,20100211,创业板
300057.SZ,万顺新材,铝,20100226,创业板
300055.SZ,万邦达,石油加工,20100226,创业板
300056.SZ,中创环保,环境保护,20100226,创业板
300058.SZ,蓝色光标,广告包装,20100226,创业板
002407.SZ,多氟多,化工原料,20100518,主板
002387.SZ,维信诺,元器件,20100413,主板
002395.SZ,双象股份,塑料,20100429,主板
002389.SZ,航天彩虹,航空,20100413,主板
002398.SZ,垒知集团,其他建材,20100506,主板
002390.SZ,信邦制药,医药商业,20100416,主板
002391.SZ,长青股份,农药化肥,20100416,主板
601101.SH,昊华能源,煤炭开采,20100331,主板
002399.SZ,海普瑞,化学制药,20100506,主板
002410.SZ,广联达,软件服务,20100525,主板
002408.SZ,齐翔腾达,化工原料,20100518,主板
002401.SZ,中远海科,软件服务,20100506,主板
002400.SZ,省广集团,广告包装,20100506,主板
002404.SZ,嘉欣丝绸,纺织,20100511,主板
002406.SZ,远东传动,汽车配件,20100518,主板
300059.SZ,东方财富,证券,20100319,创业板
002405.SZ,四维图新,软件服务,20100518,主板
002403.SZ,爱仕达,家用电器,20100511,主板
002402.SZ,和而泰,元器件,20100511,主板
002409.SZ,雅克科技,半导体,20100525,主板
002412.SZ,汉森制药,中成药,20100525,主板
300061.SZ,旗天科技,互联网,20100319,创业板
002416.SZ,爱施德,电器连锁,20100528,主板
002415.SZ,海康威视,IT设备,20100528,主板
002414.SZ,高德红外,电器仪表,20100716,主板
002413.SZ,雷科防务,通信设备,20100528,主板
300098.SZ,高新兴,软件服务,20100728,创业板
300062.SZ,中能电气,电气设备,20100319,创业板
300087.SZ,荃银高科,种植业,20100526,创业板
300066.SZ,三川智慧,电器仪表,20100326,创业板
002425.SZ,凯撒文化,互联网,20100608,主板
300063.SZ,天龙集团,互联网,20100326,创业板
300065.SZ,海兰信,船舶,20100326,创业板
002418.SZ,康盛股份,家用电器,20100601,主板
002420.SZ,毅昌科技,家用电器,20100601,主板
601369.SH,陕鼓动力,机械基件,20100428,主板
002422.SZ,科伦药业,化学制药,20100603,主板
002423.SZ,中粮资本,多元金融,20100603,主板
002428.SZ,云南锗业,小金属,20100608,主板
002442.SZ,龙星科技,化工原料,20100706,主板
002426.SZ,胜利精密,元器件,20100608,主板
002427.SZ,尤夫股份,化纤,20100608,主板
002456.SZ,欧菲光,元器件,20100803,主板
601188.SH,龙江交通,路桥,20100319,主板
601518.SH,吉林高速,路桥,20100319,主板
002644.SZ,佛慈制药,中成药,20111222,主板
002430.SZ,杭氧股份,化工机械,20100610,主板
002459.SZ,晶澳科技,电气设备,20100810,主板
300073.SZ,当升科技,电气设备,20100427,创业板
300070.SZ,碧水源,环境保护,20100421,创业板
002432.SZ,九安医疗,医疗保健,20100610,主板
002429.SZ,兆驰股份,家用电器,20100610,主板
002434.SZ,万里扬,汽车配件,20100618,主板
002436.SZ,兴森科技,元器件,20100618,主板
300072.SZ,海新能科,化工原料,20100427,创业板
300105.SZ,龙源技术,环境保护,20100820,创业板
300069.SZ,金利华电,电气设备,20100421,创业板
300067.SZ,安诺其,染料涂料,20100421,创业板
002440.SZ,闰土股份,染料涂料,20100706,主板
002437.SZ,誉衡药业,化学制药,20100623,主板
002443.SZ,金洲管道,钢加工,20100706,主板
002622.SZ,皓宸医疗,医疗保健,20111018,主板
300080.SZ,易成新能,电气设备,20100625,创业板
300075.SZ,数字政通,软件服务,20100427,创业板
002613.SZ,北玻股份,专用机械,20110830,主板
300078.SZ,思创智联,软件服务,20100430,创业板
300074.SZ,华平股份,软件服务,20100427,创业板
300079.SZ,数码视讯,IT设备,20100430,创业板
300083.SZ,创世纪,机床制造,20100520,创业板
002439.SZ,启明星辰,软件服务,20100623,主板
603002.SH,宏昌电子,化工原料,20120518,主板
601012.SH,隆基绿能,电气设备,20120411,主板
300077.SZ,国民技术,半导体,20100430,创业板
300082.SZ,奥克股份,化工原料,20100520,创业板
002469.SZ,三维化学,化工原料,20100908,主板
002441.SZ,众业达,电气设备,20100706,主板
300235.SZ,方直科技,软件服务,20110629,创业板
300084.SZ,海默科技,专用机械,20100520,创业板
002444.SZ,巨星科技,轻工机械,20100713,主板
002492.SZ,恒基达鑫,仓储物流,20101102,主板
002466.SZ,天齐锂业,小金属,20100831,主板
002445.SZ,中南文化,钢加工,20100713,主板
300238.SZ,冠昊生物,医疗保健,20110706,创业板
300086.SZ,康芝药业,化学制药,20100526,创业板
300101.SZ,振芯科技,通信设备,20100806,创业板
601118.SH,海南橡胶,橡胶,20110107,主板
002449.SZ,国星光电,半导体,20100716,主板
002458.SZ,益生股份,农业综合,20100810,主板
002451.SZ,摩恩电气,电气设备,20100720,主板
300272.SZ,开能健康,家用电器,20111102,创业板
300088.SZ,长信科技,元器件,20100526,创业板
002457.SZ,青龙管业,塑料,20100803,主板
601000.SH,唐山港,港口,20100705,主板
002452.SZ,长高电新,电气设备,20100720,主板
002454.SZ,松芝股份,汽车配件,20100720,主板
002453.SZ,华软科技,化工原料,20100720,主板
002460.SZ,赣锋锂业,小金属,20100810,主板
300085.SZ,银之杰,软件服务,20100526,创业板
601717.SH,中创智领,专用机械,20100803,主板
300179.SZ,四方达,矿物制品,20110215,创业板
300097.SZ,智云股份,专用机械,20100728,创业板
002463.SZ,沪电股份,元器件,20100818,主板
002462.SZ,嘉事堂,医药商业,20100818,主板
300099.SZ,尤洛卡,电器仪表,20100806,创业板
300253.SZ,卫宁健康,软件服务,20110818,创业板
300094.SZ,国联水产,渔业,20100708,创业板
300124.SZ,汇川技术,电器仪表,20100928,创业板
300321.SZ,同大股份,塑料,20120523,创业板
300095.SZ,华伍股份,专用机械,20100728,创业板
300092.SZ,科新机电,专用机械,20100708,创业板
300100.SZ,双林股份,汽车配件,20100806,创业板
300103.SZ,达刚控股,专用机械,20100812,创业板
300102.SZ,乾照光电,半导体,20100812,创业板
002465.SZ,海格通信,通信设备,20100831,主板
601018.SH,宁波港,港口,20100928,主板
002484.SZ,江海股份,元器件,20100929,主板
300126.SZ,锐奇股份,轻工机械,20101013,创业板
601288.SH,农业银行,银行,20100715,主板
002468.SZ,申通快递,仓储物流,20100908,主板
300110.SZ,华仁药业,化学制药,20100825,创业板
002476.SZ,宝莫股份,化工原料,20100915,主板
002470.SZ,金正大,农药化肥,20100908,主板
300107.SZ,建新股份,化工原料,20100820,创业板
300305.SZ,裕兴股份,塑料,20120329,创业板
601177.SH,杭齿前进,机械基件,20101011,主板
601377.SH,兴业证券,证券,20101013,主板
300106.SZ,西部牧业,乳制品,20100820,创业板
300113.SZ,顺网科技,互联网,20100827,创业板
302132.SZ,中航成飞,航空,20100827,创业板
300112.SZ,万讯自控,电器仪表,20100827,创业板
300133.SZ,华策影视,影视音像,20101026,创业板
300129.SZ,泰胜风能,电气设备,20101019,创业板
300118.SZ,东方日升,电气设备,20100902,创业板
300109.SZ,新开源,化工原料,20100825,创业板
300111.SZ,向日葵,化学制药,20100827,创业板
002478.SZ,常宝股份,钢加工,20100921,主板
002471.SZ,中超控股,电气设备,20100910,主板
300115.SZ,长盈精密,元器件,20100902,创业板
002527.SZ,新时达,电器仪表,20101224,主板
002530.SZ,金财互联,专用机械,20101231,主板
002614.SZ,奥佳华,家用电器,20110909,主板
002472.SZ,双环传动,汽车配件,20100910,主板
002595.SZ,豪迈科技,专用机械,20110628,主板
002475.SZ,立讯精密,元器件,20100915,主板
601098.SH,中南传媒,出版业,20101028,主板
300120.SZ,经纬辉开,元器件,20100917,创业板
300128.SZ,锦富技术,元器件,20101013,创业板
002479.SZ,富春环保,新型电力,20100921,主板
002480.SZ,新筑股份,运输设备,20100921,主板
002481.SZ,双塔食品,食品,20100921,主板
300121.SZ,阳谷华泰,化工原料,20100917,创业板
300119.SZ,瑞普生物,农业综合,20100917,创业板
601818.SH,光大银行,银行,20100818,主板
002486.SZ,嘉麟杰,服饰,20101015,主板
002482.SZ,广田集团,装修装饰,20100929,主板
002500.SZ,山西证券,证券,20101115,主板
002521.SZ,齐峰新材,造纸,20101210,主板
300122.SZ,智飞生物,生物制药,20100928,创业板
002488.SZ,金固股份,汽车配件,20101021,主板
002487.SZ,大金重工,电气设备,20101015,主板
002495.SZ,佳隆股份,食品,20101102,主板
002615.SZ,哈尔斯,家居用品,20110909,主板
300127.SZ,银河磁体,矿物制品,20101013,创业板
600998.SH,九州通,医药商业,20101102,主板
002518.SZ,科士达,电气设备,20101207,主板
002493.SZ,荣盛石化,化纤,20101102,主板
002491.SZ,通鼎互联,通信设备,20101021,主板
002483.SZ,润邦股份,专用机械,20100929,主板
300134.SZ,大富科技,通信设备,20101026,创业板
300130.SZ,新国都,IT设备,20101019,创业板
300135.SZ,宝利国际,石油加工,20101026,创业板
300329.SZ,海伦钢琴,文教休闲,20120619,创业板
002497.SZ,雅化集团,小金属,20101109,主板
002494.SZ,华斯股份,服饰,20101102,主板
601996.SH,丰林集团,家居用品,20110929,主板
300401.SZ,花园生物,化学制药,20141009,创业板
300131.SZ,英唐智控,元器件,20101019,创业板
002498.SZ,汉缆股份,电气设备,20101109,主板
300137.SZ,先河环保,环境保护,20101105,创业板
300132.SZ,青松股份,化工原料,20101026,创业板
002643.SZ,万润股份,化工原料,20111220,主板
002805.SZ,丰元股份,电气设备,20160707,主板
300138.SZ,晨光生物,食品,20101105,创业板
300136.SZ,信维通信,元器件,20101105,创业板
002889.SZ,东方嘉盛,仓储物流,20170731,主板
300142.SZ,沃森生物,生物制药,20101112,创业板
300141.SZ,和顺电气,电气设备,20101112,创业板
300140.SZ,节能环境,环境保护,20101112,创业板
002511.SZ,中顺洁柔,造纸,20101125,主板
002510.SZ,天汽模,汽车配件,20101125,主板
002554.SZ,惠博普,石油开采,20110225,主板
002508.SZ,老板电器,家用电器,20101123,主板
002738.SZ,中矿资源,小金属,20141230,主板
300154.SZ,瑞凌股份,机械基件,20101229,创业板
300331.SZ,苏大维格,元器件,20120628,创业板
300144.SZ,宋城演艺,旅游景点,20101209,创业板
300143.SZ,盈康生命,医疗保健,20101209,创业板
002507.SZ,涪陵榨菜,食品,20101123,主板
002513.SZ,蓝丰生化,新型电力,20101203,主板
601777.SH,千里科技,摩托车,20101125,主板
601880.SH,辽港股份,港口,20101206,主板
002515.SZ,金字火腿,食品,20101203,主板
300145.SZ,南方泵业,机械基件,20101209,创业板
300148.SZ,天舟文化,出版业,20101215,创业板
002520.SZ,日发精机,机床制造,20101210,主板
300168.SZ,万达信息,软件服务,20110125,创业板
300158.SZ,振东制药,化学制药,20110107,创业板
002516.SZ,旷达科技,汽车配件,20101207,主板
002517.SZ,恺英网络,互联网,20101207,主板
603167.SH,渤海轮渡,水运,20120906,主板
002519.SZ,银河电子,通信设备,20101207,主板
300157.SZ,新锦动力,专用机械,20110107,创业板
002522.SZ,浙江众成,塑料,20101210,主板
300146.SZ,汤臣倍健,食品,20101215,创业板
300149.SZ,睿智医药,生物制药,20101222,创业板
002743.SZ,富煌钢构,钢加工,20150217,主板
300155.SZ,安居宝,IT设备,20110107,创业板
300151.SZ,昌红科技,专用机械,20101222,创业板
002606.SZ,大连电瓷,电气设备,20110805,主板
002524.SZ,光正眼科,医疗保健,20101217,主板
300153.SZ,科泰电源,电气设备,20101229,创业板
002526.SZ,山东矿机,工程机械,20101217,主板
002532.SZ,天山铝业,铝,20101231,主板
002534.SZ,西子洁能,专用机械,20110110,主板
002531.SZ,天顺风能,电气设备,20101231,主板
300169.SZ,天晟新材,塑料,20110125,创业板
300162.SZ,雷曼光电,元器件,20110113,创业板
300161.SZ,华中数控,机床制造,20110113,创业板
002540.SZ,亚太科技,铝,20110118,主板
002702.SZ,海欣食品,食品,20121011,主板
002567.SZ,唐人神,饲料,20110325,主板
601933.SH,永辉超市,超市连锁,20101215,主板
300191.SZ,潜能恒信,石油开采,20110316,创业板
300165.SZ,天瑞仪器,电器仪表,20110125,创业板
300223.SZ,北京君正,半导体,20110531,创业板
002535.SZ,林州重机,工程机械,20110111,主板
002609.SZ,捷顺科技,软件服务,20110815,主板
300164.SZ,通源石油,石油开采,20110113,创业板
300163.SZ,先锋新材,家居用品,20110113,创业板
300160.SZ,秀强股份,家用电器,20110113,创业板
002536.SZ,飞龙股份,汽车配件,20110111,主板
002557.SZ,洽洽食品,食品,20110302,主板
002539.SZ,云图控股,农药化肥,20110118,主板
601890.SH,亚星锚链,船舶,20101228,主板
002533.SZ,金杯电工,电气设备,20101231,主板
300170.SZ,汉得信息,软件服务,20110201,创业板
300174.SZ,元力股份,化工原料,20110201,创业板
300166.SZ,东方国信,软件服务,20110125,创业板
002537.SZ,海联金汇,汽车配件,20110110,主板
300172.SZ,中电环保,环境保护,20110201,创业板
300171.SZ,东富龙,医疗保健,20110201,创业板
300194.SZ,福安药业,化学制药,20110322,创业板
300180.SZ,华峰超纤,化纤,20110222,创业板
002545.SZ,东方铁塔,农药化肥,20110211,主板
002550.SZ,千红制药,生物制药,20110218,主板
002544.SZ,普天科技,通信设备,20110128,主板
002541.SZ,鸿路钢构,钢加工,20110118,主板
601116.SH,三江购物,超市连锁,20110302,主板
002570.SZ,贝因美,乳制品,20110412,主板
002551.SZ,尚荣医疗,医疗保健,20110225,主板
300177.SZ,中海达,通信设备,20110215,创业板
300176.SZ,鸿特科技,汽车配件,20110215,创业板
300181.SZ,佐力药业,中成药,20110222,创业板
601700.SH,风范股份,电气设备,20110118,主板
601137.SH,博威合金,小金属,20110127,主板
300193.SZ,佳士科技,专用机械,20110322,创业板
300183.SZ,东软载波,通信设备,20110222,创业板
300197.SZ,节能铁汉,环境保护,20110329,创业板
002543.SZ,万和电气,家用电器,20110128,主板
601519.SH,大智慧,软件服务,20110128,主板
002552.SZ,宝鼎科技,元器件,20110225,主板
002546.SZ,新联电子,电气设备,20110211,主板
601799.SH,星宇股份,汽车配件,20110201,主板
300184.SZ,力源信息,元器件,20110222,创业板
300182.SZ,捷成股份,影视音像,20110222,创业板
002769.SZ,普路通,仓储物流,20150629,主板
601616.SH,广电电气,电气设备,20110201,主板
300340.SZ,科恒股份,电气设备,20120726,创业板
300203.SZ,聚光科技,电器仪表,20110415,创业板
002558.SZ,巨人网络,互联网,20110302,主板
002555.SZ,三七互娱,互联网,20110302,主板
002548.SZ,金新农,饲料,20110218,主板
300229.SZ,拓尔思,软件服务,20110615,创业板
002706.SZ,良信股份,电气设备,20140121,主板
002559.SZ,亚威股份,机床制造,20110303,主板
601216.SH,君正集团,化工原料,20110222,主板
601789.SH,宁波建工,建筑工程,20110816,主板
002553.SZ,南方精工,汽车配件,20110225,主板
300220.SZ,金运激光,专用机械,20110525,创业板
300188.SZ,国投智能,软件服务,20110316,创业板
300195.SZ,长荣股份,轻工机械,20110329,创业板
300196.SZ,长海股份,玻璃,20110329,创业板
300187.SZ,永清环保,环境保护,20110308,创业板
300345.SZ,华民股份,电气设备,20120801,创业板
300185.SZ,通裕重工,工程机械,20110308,创业板
002556.SZ,辉隆股份,农药化肥,20110302,主板
300190.SZ,维尔利,环境保护,20110316,创业板
601011.SH,宝泰隆,焦炭加工,20110309,主板
002560.SZ,通达股份,电气设备,20110303,主板
002565.SZ,顺灏股份,造纸,20110318,主板
002577.SZ,雷柏科技,IT设备,20110428,主板
300375.SZ,鹏翎股份,汽车配件,20140127,创业板
300192.SZ,科德教育,文教休闲,20110322,创业板
300189.SZ,神农种业,种植业,20110316,创业板
601992.SH,金隅集团,水泥,20110301,主板
002563.SZ,森马服饰,服饰,20110311,主板
601199.SH,江南水务,水务,20110317,主板
300204.SZ,舒泰神,生物制药,20110415,创业板
300214.SZ,日科化学,化工原料,20110511,创业板
300199.SZ,翰宇药业,化学制药,20110407,创业板
300200.SZ,高盟新材,化工原料,20110407,创业板
002562.SZ,兄弟科技,化学制药,20110310,主板
002564.SZ,天沃科技,化工机械,20110310,主板
002571.SZ,德力股份,家居用品,20110412,主板
002568.SZ,百润股份,红黄酒,20110325,主板
300201.SZ,海伦哲,工程机械,20110407,创业板
603328.SH,依顿电子,元器件,20140701,主板
002579.SZ,中京电子,元器件,20110506,主板
601218.SH,吉鑫科技,电气设备,20110506,主板
002572.SZ,索菲亚,家居用品,20110412,主板
002573.SZ,清新环境,环境保护,20110422,主板
002574.SZ,明牌珠宝,服饰,20110422,主板
002576.SZ,通达动力,电气设备,20110428,主板
603006.SH,联明股份,汽车配件,20140630,主板
002575.SZ,群兴玩具,文教休闲,20110422,主板
300206.SZ,理邦仪器,医疗保健,20110421,创业板
300210.SZ,森远股份,专用机械,20110426,创业板
300209.SZ,行云科技,互联网,20110426,创业板
002580.SZ,圣阳股份,电气设备,20110506,主板
601566.SH,九牧王,服饰,20110530,主板
601113.SH,华鼎股份,化纤,20110509,主板
002578.SZ,闽发铝业,铝,20110428,主板
300207.SZ,欣旺达,电气设备,20110421,创业板
601233.SH,桐昆股份,化纤,20110518,主板
601208.SH,东材科技,化工原料,20110520,主板
300402.SZ,宝色股份,专用机械,20141010,创业板
300218.SZ,安利股份,塑料,20110518,创业板
002584.SZ,西陇科学,化工原料,20110602,主板
002582.SZ,好想你,食品,20110520,主板
601222.SH,林洋能源,新型电力,20110808,主板
300215.SZ,电科院,电气设备,20110511,创业板
300257.SZ,开山股份,机械基件,20110819,创业板
300219.SZ,鸿利智汇,元器件,20110518,创业板
300222.SZ,科大智能,电气设备,20110525,创业板
300217.SZ,东方电热,家用电器,20110518,创业板
300221.SZ,银禧科技,塑料,20110525,创业板
002583.SZ,海能达,通信设备,20110527,主板
601599.SH,浙文影业,纺织,20110527,主板
002590.SZ,万安科技,汽车配件,20110610,主板
300231.SZ,银信科技,软件服务,20110615,创业板
300227.SZ,光韵达,专用机械,20110608,创业板
300224.SZ,正海磁材,矿物制品,20110531,创业板
300228.SZ,富瑞特装,化工机械,20110608,创业板
300249.SZ,依米康,IT设备,20110803,创业板
300226.SZ,上海钢联,互联网,20110608,创业板
300240.SZ,飞力达,仓储物流,20110706,创业板
300381.SZ,溢多利,化学制药,20140128,创业板
002585.SZ,双星新材,塑料,20110602,主板
601311.SH,骆驼股份,电气设备,20110602,主板
300230.SZ,永利股份,塑料,20110615,创业板
300232.SZ,洲明科技,元器件,20110622,创业板
300234.SZ,开尔新材,陶瓷,20110622,创业板
601798.SH,蓝科高新,化工机械,20110622,主板
002589.SZ,瑞康医药,医药商业,20110610,主板
002587.SZ,奥拓电子,元器件,20110610,主板
300233.SZ,金城医药,化学制药,20110622,创业板
300236.SZ,上海新阳,半导体,20110629,创业板
603156.SH,养元饮品,软饮料,20180212,主板
002778.SZ,中晟高科,环境保护,20160106,主板
002588.SZ,史丹利,农药化肥,20110610,主板
601567.SH,三星电气,电气设备,20110615,主板
002783.SZ,凯龙股份,化工原料,20151209,主板
002605.SZ,姚记科技,互联网,20110805,主板
002594.SZ,比亚迪,汽车整车,20110630,主板
300239.SZ,东宝生物,生物制药,20110706,创业板
002593.SZ,日上集团,钢加工,20110628,主板
002596.SZ,海南瑞泽,水泥,20110707,主板
002734.SZ,利民股份,农药化肥,20150127,主板
002626.SZ,金达威,医疗保健,20111028,主板
002600.SZ,领益智造,元器件,20110715,主板
002601.SZ,龙佰集团,化工原料,20110715,主板
002597.SZ,金禾实业,食品,20110707,主板
300242.SZ,佳云科技,互联网,20110712,创业板
300258.SZ,精锻科技,汽车配件,20110826,创业板
300241.SZ,瑞丰光电,半导体,20110712,创业板
601901.SH,方正证券,证券,20110810,主板
002607.SZ,中公教育,文教休闲,20110810,主板
002602.SZ,世纪华通,互联网,20110728,主板
300243.SZ,瑞丰高材,化工原料,20110712,创业板
300244.SZ,迪安诊断,医疗保健,20110719,创业板
002603.SZ,以岭药业,中成药,20110728,主板
300248.SZ,新开普,软件服务,20110729,创业板
300250.SZ,初灵信息,软件服务,20110803,创业板
300246.SZ,宝莱特,医疗保健,20110719,创业板
603456.SH,九洲药业,医疗保健,20141010,主板
300251.SZ,光线传媒,影视音像,20110803,创业板
002627.SZ,三峡旅游,旅游景点,20111103,主板
002911.SZ,佛燃能源,供气供热,20171122,主板
002608.SZ,江苏国信,火力发电,20110810,主板
300254.SZ,仟源医药,化学制药,20110819,创业板
300256.SZ,星星科技,元器件,20110819,创业板
300255.SZ,常山药业,生物制药,20110819,创业板
601636.SH,旗滨集团,玻璃,20110812,主板
300260.SZ,新莱应材,机械基件,20110906,创业板
300252.SZ,金信诺,通信设备,20110818,创业板
002830.SZ,名雕股份,装修装饰,20161213,主板
603197.SH,保隆科技,汽车配件,20170519,主板
300265.SZ,通光线缆,电气设备,20110916,创业板
300267.SZ,尔康制药,化学制药,20110927,创业板
300259.SZ,新天科技,电器仪表,20110831,创业板
300303.SZ,聚飞光电,半导体,20120319,创业板
002629.SZ,仁智股份,石油开采,20111103,主板
300284.SZ,苏交科,建筑工程,20120110,创业板
601908.SH,京运通,电气设备,20110908,主板
601886.SH,江河集团,装修装饰,20110818,主板
300269.SZ,联建光电,元器件,20111012,创业板
300261.SZ,雅本化学,农药化肥,20110906,创业板
002611.SZ,东方精工,轻工机械,20110830,主板
603518.SH,锦泓集团,服饰,20141203,主板
300268.SZ,佳沃食品,农业综合,20110927,创业板
300263.SZ,隆华科技,专用机械,20110916,创业板
300294.SZ,博雅生物,生物制药,20120308,创业板
002616.SZ,长青集团,环境保护,20110920,主板
300270.SZ,中威电子,IT设备,20111012,创业板
601677.SH,明泰铝业,铝,20110919,主板
002612.SZ,朗姿股份,服饰,20110830,主板
002624.SZ,完美世界,互联网,20111028,主板
002745.SZ,木林森,元器件,20150217,主板
002641.SZ,公元股份,塑料,20111208,主板
002617.SZ,露笑科技,电气设备,20110920,主板
300266.SZ,兴源环境,环境保护,20110927,创业板
601669.SH,中国电建,建筑工程,20111018,主板
300274.SZ,阳光电源,电气设备,20111102,创业板
601100.SH,恒立液压,工程机械,20111028,主板
300729.SZ,乐歌股份,家居用品,20171201,创业板
300283.SZ,温州宏丰,电气设备,20120110,创业板
300275.SZ,梅安森,工程机械,20111102,创业板
002628.SZ,成都路桥,建筑工程,20111103,主板
002625.SZ,光启技术,航空,20111103,主板
603686.SH,福龙马,环境保护,20150126,主板
002623.SZ,亚玛顿,玻璃,20111013,主板
601225.SH,陕西煤业,煤炭开采,20140128,主板
002637.SZ,赞宇科技,日用化工,20111125,主板
002636.SZ,金安国纪,元器件,20111125,主板
601555.SH,东吴证券,证券,20111212,主板
300278.SZ,华昌达,专用机械,20111216,创业板
002640.SZ,跨境通,互联网,20111208,主板
002631.SZ,德尔未来,家居用品,20111111,主板
002633.SZ,申科股份,机械基件,20111122,主板
300276.SZ,三丰智能,专用机械,20111115,创业板
603001.SH,奥康国际,服饰,20120426,主板
601800.SH,中国交建,建筑工程,20120309,主板
002635.SZ,安洁科技,元器件,20111125,主板
300293.SZ,蓝英装备,专用机械,20120308,创业板
002632.SZ,道明光学,塑料,20111122,主板
002648.SZ,卫星化学,化工原料,20111228,主板
300279.SZ,和晶科技,元器件,20111229,创业板
002646.SZ,天佑德酒,白酒,20111222,主板
002639.SZ,雪人集团,专用机械,20111205,主板
002645.SZ,华宏科技,专用机械,20111220,主板
300285.SZ,国瓷材料,陶瓷,20120113,创业板
300281.SZ,金明精机,专用机械,20111229,创业板
601928.SH,凤凰传媒,出版业,20111130,主板
002673.SZ,西部证券,证券,20120503,主板
002638.SZ,勤上股份,家用电器,20111125,主板
002647.SZ,仁东控股,多元金融,20111228,主板
300286.SZ,安科瑞,电器仪表,20120113,创业板
300288.SZ,朗玛信息,软件服务,20120216,创业板
002668.SZ,TCL智家,家用电器,20120416,主板
002642.SZ,荣联科技,软件服务,20111220,主板
002651.SZ,利君股份,航空,20120106,主板
603599.SH,广信股份,农药化肥,20150513,主板
300324.SZ,旋极信息,软件服务,20120608,创业板
300350.SZ,华鹏飞,仓储物流,20120821,创业板
300287.SZ,飞利信,软件服务,20120201,创业板
300290.SZ,荣科科技,软件服务,20120216,创业板
601360.SH,三六零,互联网,20120116,主板
002649.SZ,博彦科技,软件服务,20120106,主板
002664.SZ,信质集团,汽车配件,20120316,主板
300298.SZ,三诺生物,医疗保健,20120319,创业板
002655.SZ,共达电声,元器件,20120217,主板
601368.SH,绿城水务,水务,20150612,主板
601336.SH,新华保险,保险,20111216,主板
300289.SZ,利德曼,医疗保健,20120216,创业板
300532.SZ,今天国际,软件服务,20160818,创业板
300483.SZ,首华燃气,石油开采,20150630,创业板
002662.SZ,峰璟股份,汽车配件,20120309,主板
002688.SZ,金河生物,农业综合,20120713,主板
300291.SZ,百纳千成,影视音像,20120209,创业板
002652.SZ,扬子新材,其他建材,20120119,主板
300292.SZ,吴通控股,互联网,20120229,创业板
002666.SZ,德联集团,化工原料,20120327,主板
601929.SH,吉视传媒,影视音像,20120223,主板
300358.SZ,楚天科技,医疗保健,20140121,创业板
300310.SZ,宜通世纪,通信设备,20120425,创业板
300307.SZ,慈星股份,纺织机械,20120329,创业板
002654.SZ,万润科技,互联网,20120217,主板
002653.SZ,海思科,化学制药,20120117,主板
601339.SH,百隆东方,纺织,20120612,主板
300296.SZ,利亚德,元器件,20120315,创业板
300304.SZ,云意电气,汽车配件,20120321,创业板
300306.SZ,远方信息,电器仪表,20120329,创业板
002672.SZ,东江环保,环境保护,20120426,主板
002663.SZ,普邦股份,建筑工程,20120316,主板
601388.SH,怡球资源,铝,20120423,主板
601515.SH,衢州东峰,广告包装,20120216,主板
601231.SH,环旭电子,元器件,20120220,主板
002657.SZ,中科金财,软件服务,20120228,主板
300300.SZ,海峡创新,软件服务,20120319,创业板
002660.SZ,茂硕电源,电气设备,20120316,主板
300755.SZ,华致酒行,其他商业,20190129,创业板
002669.SZ,康达新材,化工原料,20120416,主板
002658.SZ,雪迪龙,环境保护,20120309,主板
002674.SZ,兴业科技,纺织,20120507,主板
002661.SZ,克明食品,食品,20120316,主板
002659.SZ,凯文教育,文教休闲,20120309,主板
300320.SZ,海达股份,橡胶,20120601,创业板
300314.SZ,戴维医疗,医疗保健,20120508,创业板
002670.SZ,国盛证券,证券,20120416,主板
603123.SH,翠微股份,多元金融,20120503,主板
300327.SZ,中颖电子,半导体,20120613,创业板
601965.SH,中国汽研,汽车服务,20120611,主板
603333.SH,尚纬股份,电气设备,20120507,主板
002675.SZ,东诚药业,化学制药,20120525,主板
002799.SZ,环球印务,广告包装,20160608,主板
002677.SZ,浙江美大,家用电器,20120525,主板
002676.SZ,顺威股份,家用电器,20120525,主板
603861.SH,白云电器,电气设备,20160322,主板
300302.SZ,同有科技,IT设备,20120321,创业板
300308.SZ,中际旭创,通信设备,20120410,创业板
601038.SH,一拖股份,农用机械,20120808,主板
300317.SZ,珈伟新能,电气设备,20120511,创业板
300315.SZ,掌趣科技,互联网,20120511,创业板
300299.SZ,富春股份,互联网,20120319,创业板
603000.SH,人民网,互联网,20120427,主板
603128.SH,华贸物流,仓储物流,20120529,主板
002671.SZ,龙泉股份,水泥,20120426,主板
002696.SZ,百洋股份,饲料,20120905,主板
002685.SZ,华东重机,机床制造,20120612,主板
002682.SZ,龙洲股份,仓储物流,20120612,主板
603077.SH,和邦生物,化工原料,20120731,主板
603168.SH,莎普爱思,化学制药,20140702,主板
002692.SZ,远程股份,电气设备,20120808,主板
300316.SZ,晶盛机电,专用机械,20120511,创业板
300319.SZ,麦捷科技,元器件,20120523,创业板
603366.SH,日出东方,家用电器,20120521,主板
300746.SZ,汉嘉数智,建筑工程,20180525,创业板
002690.SZ,美亚光电,专用机械,20120731,主板
002678.SZ,珠江钢琴,文教休闲,20120530,主板
002851.SZ,麦格米特,电气设备,20170306,主板
300342.SZ,天银机电,家用电器,20120726,创业板
300322.SZ,硕贝德,元器件,20120608,创业板
300339.SZ,润和软件,软件服务,20120718,创业板
300400.SZ,劲拓股份,专用机械,20141010,创业板
300333.SZ,兆日科技,IT设备,20120628,创业板
002679.SZ,福建金森,林业,20120605,主板
300334.SZ,津膜科技,专用机械,20120705,创业板
300397.SZ,天和防务,通信设备,20140910,创业板
300348.SZ,长亮科技,软件服务,20120817,创业板
300887.SZ,谱尼测试,电器仪表,20200916,创业板
002701.SZ,奥瑞金,广告包装,20121011,主板
603399.SH,永杉锂业,小金属,20120824,主板
300337.SZ,银邦股份,铝,20120718,创业板
002687.SZ,乔治白,服饰,20120713,主板
300332.SZ,天壕能源,供气供热,20120628,创业板
300328.SZ,宜安科技,小金属,20120619,创业板
300349.SZ,金卡智能,电器仪表,20120817,创业板
002698.SZ,博实股份,化工机械,20120911,主板
300323.SZ,华灿光电,半导体,20120601,创业板
300335.SZ,迪森股份,供气供热,20120710,创业板
002752.SZ,昇兴股份,广告包装,20150422,主板
603766.SH,隆鑫通用,摩托车,20120810,主板
300347.SZ,泰格医药,医疗保健,20120817,创业板
300341.SZ,麦克奥迪,电气设备,20120726,创业板
002681.SZ,奋达科技,元器件,20120605,主板
002686.SZ,亿利达,专用机械,20120703,主板
002683.SZ,广东宏大,化工原料,20120612,主板
300346.SZ,南大光电,半导体,20120807,创业板
603126.SH,中材节能,环境保护,20140731,主板
300383.SZ,光环新网,软件服务,20140129,创业板
603993.SH,洛阳钼业,小金属,20121009,主板
603288.SH,海天味业,食品,20140211,主板
300371.SZ,汇中股份,电器仪表,20140123,创业板
300389.SZ,艾比森,元器件,20140801,创业板
002718.SZ,友邦吊顶,其他建材,20140128,主板
002715.SZ,登云股份,汽车配件,20140219,主板
002716.SZ,湖南白银,小金属,20140128,主板
002723.SZ,小崧股份,家用电器,20140129,主板
002792.SZ,通宇通讯,通信设备,20160328,主板
002727.SZ,一心堂,医药商业,20140702,主板
601608.SH,中信重工,专用机械,20120706,主板
601238.SH,广汽集团,汽车整车,20120329,主板
002709.SZ,天赐材料,化工原料,20140123,主板
002725.SZ,跃岭股份,汽车配件,20140129,主板
002746.SZ,仙坛股份,农业综合,20150216,主板
002708.SZ,光洋股份,汽车配件,20140121,主板
002695.SZ,煌上煌,食品,20120905,主板
300382.SZ,斯莱克,专用机械,20140129,创业板
603185.SH,弘元绿能,电气设备,20181228,主板
002714.SZ,牧原股份,农业综合,20140128,主板
002815.SZ,崇达技术,元器件,20161012,主板
002703.SZ,浙江世宝,汽车配件,20121102,主板
002722.SZ,物产金轮,钢加工,20140128,主板
603699.SH,纽威股份,机械基件,20140117,主板
601016.SH,节能风电,新型电力,20140929,主板
603166.SH,福达股份,汽车配件,20141127,主板
001203.SZ,大中矿业,普钢,20210510,主板
300507.SZ,苏奥传感,汽车配件,20160429,创业板
300369.SZ,绿盟科技,软件服务,20140129,创业板
300354.SZ,东华测试,电器仪表,20120920,创业板
603308.SH,应流股份,机械基件,20140122,主板
300388.SZ,节能国祯,环境保护,20140801,创业板
603777.SH,来伊份,食品,20161012,主板
603989.SH,艾华集团,元器件,20150515,主板
603806.SH,福斯特,塑料,20140905,主板
002700.SZ,万憬能源,供气供热,20120921,主板
603088.SH,宁波精达,机床制造,20141111,主板
603566.SH,普莱柯,农业综合,20150518,主板
603009.SH,北特科技,汽车配件,20140718,主板
603688.SH,石英股份,矿物制品,20141031,主板
002782.SZ,可立克,元器件,20151222,主板
601969.SH,海南矿业,普钢,20141209,主板
300351.SZ,永贵电器,运输设备,20120920,创业板
300355.SZ,蒙草生态,环境保护,20120927,创业板
002721.SZ,金一文化,服饰,20140127,主板
600917.SH,重庆燃气,供气供热,20140930,主板
300368.SZ,汇金股份,IT设备,20140123,创业板
300403.SZ,汉宇集团,家用电器,20141030,创业板
002697.SZ,红旗连锁,超市连锁,20120905,主板
300360.SZ,炬华科技,电器仪表,20140121,创业板
300357.SZ,我武生物,生物制药,20140121,创业板
002843.SZ,泰嘉股份,钢加工,20170120,主板
002707.SZ,众信旅游,旅游服务,20140123,主板
300363.SZ,博腾股份,化学制药,20140129,创业板
300373.SZ,扬杰科技,半导体,20140123,创业板
601579.SH,会稽山,红黄酒,20140825,主板
002748.SZ,世龙实业,化工原料,20150319,主板
002705.SZ,新宝股份,家用电器,20140121,主板
300546.SZ,雄帝科技,IT设备,20160928,创业板
300377.SZ,赢时胜,软件服务,20140127,创业板
002838.SZ,道恩股份,塑料,20170106,主板
603023.SH,威帝股份,汽车配件,20150527,主板
603609.SH,禾丰股份,饲料,20140808,主板
300820.SZ,英杰电气,电气设备,20200213,创业板
300376.SZ,易事特,电气设备,20140127,创业板
002728.SZ,特一药业,中成药,20140731,主板
002724.SZ,海洋王,元器件,20141104,主板
300380.SZ,安硕信息,软件服务,20140128,创业板
603005.SH,晶方科技,半导体,20140210,主板
300365.SZ,恒华科技,软件服务,20140123,创业板
300359.SZ,全通教育,文教休闲,20140121,创业板
300399.SZ,天利科技,互联网,20141009,创业板
601326.SH,秦港股份,港口,20170816,主板
603100.SH,川仪股份,电器仪表,20140805,主板
002905.SZ,金逸影视,影视音像,20171016,主板
002712.SZ,思美传媒,广告包装,20140123,主板
300386.SZ,飞天诚信,IT设备,20140626,创业板
300405.SZ,科隆股份,化工原料,20141030,创业板
300387.SZ,富邦科技,农药化肥,20140702,创业板
300378.SZ,鼎捷数智,软件服务,20140127,创业板
601865.SH,福莱特,玻璃,20190215,主板
002773.SZ,康弘药业,化学制药,20150626,主板
300390.SZ,天华新能,电气设备,20140731,创业板
603099.SH,长白山,旅游景点,20140822,主板
603111.SH,康尼机电,运输设备,20140801,主板
000333.SZ,美的集团,家用电器,20130918,主板
600023.SH,浙能电力,火力发电,20131219,主板
603069.SH,海汽集团,公共交通,20160712,主板
603158.SH,腾龙股份,汽车配件,20150320,主板
002801.SZ,微光股份,电气设备,20160622,主板
603117.SH,万林物流,仓储物流,20150629,主板
603979.SH,金诚信,铜,20150630,主板
300476.SZ,胜宏科技,元器件,20150611,创业板
603309.SH,维力医疗,医疗保健,20150302,主板
603997.SH,继峰股份,汽车配件,20150302,主板
601595.SH,上海电影,影视音像,20160817,主板
002798.SZ,帝欧水华,家居用品,20160525,主板
002802.SZ,洪汇新材,化工原料,20160629,主板
300435.SZ,中泰股份,供气供热,20150326,创业板
603611.SH,诺力股份,专用机械,20150128,主板
300491.SZ,通合科技,电气设备,20151231,创业板
300596.SZ,利安隆,化工原料,20170119,创业板
603010.SH,万盛股份,化工原料,20141010,主板
603988.SH,中电电机,电气设备,20141104,主板
300521.SZ,爱司凯,专用机械,20160705,创业板
300579.SZ,数字认证,软件服务,20161223,创业板
002796.SZ,世嘉科技,通信设备,20160510,主板
603889.SH,新澳股份,纺织,20141231,主板
002800.SZ,天顺股份,仓储物流,20160530,主板
300393.SZ,中来股份,塑料,20140912,创业板
002739.SZ,儒意电影,影视音像,20150122,主板
300421.SZ,力星股份,机械基件,20150217,创业板
300438.SZ,鹏辉能源,电气设备,20150424,创业板
300475.SZ,香农芯创,元器件,20150610,创业板
002757.SZ,南兴股份,专用机械,20150527,主板
600909.SH,华安证券,证券,20161206,主板
300411.SZ,金盾股份,专用机械,20141231,创业板
300536.SZ,农尚环境,建筑工程,20160920,创业板
300505.SZ,川金诺,农药化肥,20160315,创业板
300436.SZ,广生堂,化学制药,20150422,创业板
601211.SH,国泰海通,证券,20150626,主板
603818.SH,曲美家居,家居用品,20150422,主板
002779.SZ,中坚科技,农用机械,20151209,主板
603701.SH,德宏股份,汽车配件,20160412,主板
600958.SH,东方证券,证券,20150323,主板
601198.SH,东兴证券,证券,20150226,主板
603355.SH,莱克电气,家用电器,20150513,主板
603788.SH,宁波高发,汽车配件,20150120,主板
601689.SH,拓普集团,汽车配件,20150319,主板
601226.SH,华电科工,建筑工程,20141211,主板
603227.SH,雪峰科技,化工原料,20150515,主板
603030.SH,全筑股份,装修装饰,20150320,主板
603899.SH,晨光股份,文教休闲,20150127,主板
300501.SZ,海顺新材,广告包装,20160204,创业板
603860.SH,中公高科,建筑工程,20170802,主板
300437.SZ,清水源,化工原料,20150423,创业板
300409.SZ,道氏技术,电气设备,20141203,创业板
300467.SZ,迅游科技,互联网,20150527,创业板
300415.SZ,伊之密,专用机械,20150123,创业板
300530.SZ,领湃科技,电气设备,20160809,创业板
300417.SZ,南华仪器,电器仪表,20150123,创业板
300452.SZ,山河药辅,化学制药,20150515,创业板
603369.SH,今世缘,白酒,20140703,主板
603011.SH,合锻智能,专用机械,20141107,主板
603698.SH,航天工程,专用机械,20150128,主板
601021.SH,春秋航空,空运,20150121,主板
603726.SH,朗迪集团,家用电器,20160421,主板
603320.SH,迪贝电气,电气设备,20170502,主板
603013.SH,亚普股份,汽车配件,20180509,主板
002768.SZ,国恩股份,塑料,20150630,主板
603015.SH,弘讯科技,电气设备,20150303,主板
603606.SH,东方电缆,电气设备,20141015,主板
603696.SH,安记食品,食品,20151209,主板
002730.SZ,电光科技,专用机械,20141009,主板
002761.SZ,浙江建投,建筑工程,20150610,主板
002791.SZ,坚朗五金,其他建材,20160329,主板
002732.SZ,燕塘乳业,乳制品,20141205,主板
603368.SH,柳药集团,医药商业,20141204,主板
601828.SH,美凯龙,其他商业,20180117,主板
300463.SZ,迈克生物,医疗保健,20150528,创业板
300523.SZ,辰安科技,软件服务,20160726,创业板
002742.SZ,三圣股份,水泥,20150217,主板
300455.SZ,航天智装,IT设备,20150515,创业板
603318.SH,水发燃气,供气供热,20150424,主板
300449.SZ,汉邦高科,IT设备,20150422,创业板
300443.SZ,金雷股份,电气设备,20150422,创业板
300398.SZ,飞凯材料,化工原料,20141009,创业板
603116.SH,红蜻蜓,服饰,20150629,主板
603866.SH,桃李面包,食品,20151222,主板
002786.SZ,银宝山新,专用机械,20151223,主板
603730.SH,岱美股份,汽车配件,20170728,主板
600959.SH,江苏有线,影视音像,20150428,主板
300384.SZ,三联虹普,建筑工程,20140801,创业板
603188.SH,亚邦股份,染料涂料,20140909,主板
603383.SH,顶点软件,软件服务,20170522,主板
300406.SZ,九强生物,医疗保健,20141030,创业板
002771.SZ,真视通,软件服务,20150629,主板
300441.SZ,鲍斯股份,机床制造,20150423,创业板
300511.SZ,雪榕生物,种植业,20160504,创业板
300513.SZ,恒实科技,软件服务,20160530,创业板
300448.SZ,浩云科技,软件服务,20150424,创业板
002767.SZ,先锋电子,电器仪表,20150612,主板
002818.SZ,富森美,其他商业,20161109,主板
603101.SH,汇嘉时代,百货,20160506,主板
603528.SH,多伦科技,软件服务,20160503,主板
603883.SH,老百姓,医药商业,20150423,主板
002735.SZ,王子新材,塑料,20141203,主板
603885.SH,吉祥航空,空运,20150527,主板
603909.SH,建发合诚,建筑工程,20160628,主板
002780.SZ,三夫户外,服饰,20151209,主板
002741.SZ,光华科技,化工原料,20150216,主板
603017.SH,中衡设计,建筑工程,20141231,主板
603798.SH,康普顿,石油加工,20160406,主板
300374.SZ,中铁装配,其他建材,20150319,创业板
300418.SZ,昆仑万维,互联网,20150121,创业板
300552.SZ,万集科技,IT设备,20161021,创业板
300429.SZ,强力新材,化工原料,20150324,创业板
300440.SZ,运达科技,软件服务,20150423,创业板
300407.SZ,凯发电气,电气设备,20141203,创业板
300529.SZ,健帆生物,医疗保健,20160802,创业板
002729.SZ,好利科技,元器件,20140912,主板
603779.SH,威龙股份,红黄酒,20160516,主板
002733.SZ,雄韬股份,电气设备,20141203,主板
002747.SZ,埃斯顿,机械基件,20150320,主板
603998.SH,方盛制药,中成药,20141205,主板
603901.SH,永创智能,专用机械,20150529,主板
603918.SH,金桥信息,软件服务,20150528,主板
603703.SH,盛洋科技,元器件,20150423,主板
603567.SH,珍宝岛,中成药,20150424,主板
603608.SH,天创时尚,服饰,20160218,主板
603031.SH,安孚科技,电气设备,20160822,主板
603520.SH,司太立,化学制药,20160309,主板
603999.SH,读者传媒,出版业,20151210,主板
002755.SZ,奥赛康,化学制药,20150515,主板
300466.SZ,赛摩智能,电器仪表,20150528,创业板
300469.SZ,信息发展,软件服务,20150611,创业板
601882.SH,海天精工,机床制造,20161107,主板
601512.SH,中新集团,园区开发,20191220,主板
601985.SH,中国核电,新型电力,20150610,主板
601069.SH,西部黄金,黄金,20150122,主板
002749.SZ,国光股份,农药化肥,20150320,主板
601015.SH,陕西黑猫,焦炭加工,20141105,主板
002737.SZ,葵花药业,中成药,20141230,主板
603025.SH,XD大豪科,纺织机械,20150422,主板
300492.SZ,华图山鼎,文教休闲,20151223,创业板
300479.SZ,神思电子,软件服务,20150612,创业板
300464.SZ,星徽股份,机械基件,20150610,创业板
300424.SZ,航新科技,航空,20150422,创业板
300465.SZ,高伟达,软件服务,20150528,创业板
603969.SH,银龙股份,其他建材,20150227,主板
601811.SH,新华文轩,出版业,20160808,主板
603667.SH,五洲新春,机械基件,20161025,主板
603660.SH,苏州科达,IT设备,20161201,主板
002775.SZ,文科股份,建筑工程,20150629,主板
002766.SZ,索菱股份,汽车配件,20150611,主板
002763.SZ,汇洁股份,服饰,20150610,主板
601968.SH,宝钢包装,广告包装,20150611,主板
603868.SH,飞科电器,家用电器,20160418,主板
603421.SH,鼎信通讯,通信设备,20161011,主板
603515.SH,欧普照明,家用电器,20160819,主板
603919.SH,金徽酒,白酒,20160310,主板
603556.SH,海兴电力,电器仪表,20161110,主板
601500.SH,通用股份,汽车配件,20160919,主板
603816.SH,顾家家居,家居用品,20161014,主板
603569.SH,长久物流,公路,20160810,主板
300480.SZ,光力科技,专用机械,20150702,创业板
300806.SZ,斯迪克,塑料,20191125,创业板
300486.SZ,东杰智能,专用机械,20150630,创业板
300490.SZ,华自科技,专用机械,20151231,创业板
300494.SZ,盛天网络,互联网,20151231,创业板
300489.SZ,光智科技,专用机械,20150701,创业板
300478.SZ,杭州高新,塑料,20150610,创业板
300471.SZ,厚普股份,专用机械,20150611,创业板
603898.SH,好莱客,家居用品,20150217,主板
603612.SH,索通发展,矿物制品,20170718,主板
600939.SH,重庆建工,建筑工程,20170221,主板
603558.SH,健盛集团,纺织,20150127,主板
603090.SH,宏盛股份,专用机械,20160831,主板
603160.SH,汇顶科技,半导体,20161017,主板
603012.SH,创力集团,专用机械,20150320,主板
603887.SH,城地香江,软件服务,20161010,主板
603663.SH,三祥新材,小金属,20160801,主板
603636.SH,南威软件,软件服务,20141230,主板
002788.SZ,鹭燕医药,医药商业,20160218,主板
603618.SH,杭电股份,电气设备,20150217,主板
603986.SH,兆易创新,半导体,20160818,主板
603588.SH,高能环境,环境保护,20141229,主板
002760.SZ,凤形股份,机械基件,20150611,主板
002819.SZ,东方中科,电器仪表,20161111,主板
300496.SZ,中科创达,软件服务,20151210,创业板
300547.SZ,川环科技,汽车配件,20160930,创业板
300522.SZ,世名科技,染料涂料,20160705,创业板
300484.SZ,蓝海华腾,电气设备,20160322,创业板
300432.SZ,富临精工,汽车配件,20150319,创业板
300535.SZ,达威股份,化工原料,20160812,创业板
300534.SZ,陇神戎发,中成药,20160913,创业板
300559.SZ,佳发教育,软件服务,20161101,创业板
603118.SH,共进股份,通信设备,20150225,主板
002793.SZ,罗欣药业,化学制药,20160415,主板
002806.SZ,华锋股份,汽车配件,20160726,主板
002787.SZ,华源控股,广告包装,20151231,主板
002811.SZ,郑中设计,装修装饰,20160908,主板
002821.SZ,凯莱英,生物制药,20161118,主板
002809.SZ,红墙股份,化工原料,20160823,主板
002832.SZ,比音勒芬,服饰,20161223,主板
002817.SZ,黄山胶囊,化学制药,20161025,主板
300433.SZ,蓝思科技,元器件,20150318,创业板
300512.SZ,中亚股份,专用机械,20160526,创业板
300664.SZ,鹏鹞环保,环境保护,20180105,创业板
002979.SZ,雷赛智能,专用机械,20200408,主板
002795.SZ,永和智控,机械基件,20160428,主板
601900.SH,南方传媒,出版业,20160215,主板
300500.SZ,启迪设计,建筑工程,20160204,创业板
002790.SZ,瑞尔特,家居用品,20160308,主板
002753.SZ,永东股份,化工原料,20150519,主板
603799.SH,华友钴业,小金属,20150129,主板
600936.SH,北投科技,软件服务,20160815,主板
300517.SZ,海波重科,建筑工程,20160719,创业板
603690.SH,至纯科技,半导体,20170113,主板
002758.SZ,浙农股份,批发业,20150527,主板
002759.SZ,天际股份,电气设备,20150528,主板
603159.SH,上海亚虹,专用机械,20160812,主板
603589.SH,口子窖,白酒,20150629,主板
601606.SH,长城军工,专用机械,20180806,主板
300519.SZ,新光药业,中成药,20160624,创业板
300470.SZ,中密控股,机械基件,20150612,创业板
603317.SH,天味食品,食品,20190416,主板
603977.SH,国泰集团,化工原料,20161111,主板
300414.SZ,中光防雷,通信设备,20150513,创业板
300425.SZ,中建环能,环境保护,20150216,创业板
603900.SH,莱绅通灵,服饰,20161123,主板
601366.SH,利群股份,百货,20170412,主板
601212.SH,白银有色,铜,20170215,主板
300518.SZ,新迅达,互联网,20160624,创业板
300533.SZ,冰川网络,互联网,20160818,创业板
300453.SZ,三鑫医疗,医疗保健,20150515,创业板
002797.SZ,第一创业,证券,20160511,主板
603060.SH,国检集团,建筑工程,20161109,主板
603367.SH,辰欣药业,化学制药,20170929,主板
603315.SH,福鞍股份,环境保护,20150424,主板
603800.SH,洪田股份,专用机械,20151210,主板
603600.SH,永艺股份,家居用品,20150123,主板
603936.SH,博敏电子,元器件,20151209,主板
603616.SH,韩建河山,水泥,20150611,主板
002923.SZ,润都股份,化学制药,20180105,主板
300410.SZ,正业科技,专用机械,20141231,创业板
603338.SH,浙江鼎力,工程机械,20150325,主板
601966.SH,玲珑轮胎,汽车配件,20160706,主板
603018.SH,华设集团,建筑工程,20141013,主板
300395.SZ,菲利华,玻璃,20140910,创业板
603222.SH,济民健康,医疗保健,20150217,主板
603108.SH,润达医疗,医药商业,20150527,主板
002813.SZ,路畅科技,汽车配件,20161012,主板
003016.SZ,欣贺股份,服饰,20201026,主板
002823.SZ,凯中精密,机械基件,20161124,主板
601611.SH,中国核建,建筑工程,20160606,主板
300510.SZ,金冠股份,电气设备,20160506,创业板
300447.SZ,全信股份,电气设备,20150422,创业板
300420.SZ,五洋自控,机械基件,20150217,创业板
300516.SZ,久之洋,电器仪表,20160602,创业板
300364.SZ,中文在线,出版业,20150121,创业板
301130.SZ,西点药业,化学制药,20220223,创业板
603508.SH,思维列控,IT设备,20151224,主板
300520.SZ,科大国创,软件服务,20160708,创业板
603929.SH,亚翔集成,装修装饰,20161230,主板
603022.SH,新通联,广告包装,20150518,主板
603131.SH,上海沪工,专用机械,20160607,主板
002820.SZ,桂发祥,食品,20161118,主板
603085.SH,天成自控,汽车配件,20150630,主板
603268.SH,松发股份,船舶,20150319,主板
603020.SH,爱普股份,食品,20150325,主板
603198.SH,迎驾贡酒,白酒,20150528,主板
300485.SZ,赛升药业,生物制药,20150626,创业板
601086.SH,国芳集团,百货,20170929,主板
300404.SZ,博济医药,医疗保健,20150424,创业板
603958.SH,哈森股份,服饰,20160629,主板
603738.SH,泰晶科技,元器件,20160928,主板
603339.SH,四方科技,专用机械,20160519,主板
603266.SH,天龙股份,汽车配件,20170110,主板
300442.SZ,润泽科技,软件服务,20150424,创业板
002777.SZ,久远银海,软件服务,20151231,主板
300528.SZ,幸福蓝海,影视音像,20160808,创业板
300456.SZ,赛微电子,半导体,20150514,创业板
002803.SZ,吉宏股份,互联网,20160712,主板
603939.SH,益丰药房,医药商业,20150217,主板
300461.SZ,田中精机,专用机械,20150519,创业板
300416.SZ,苏试试验,电器仪表,20150122,创业板
300468.SZ,四方精创,软件服务,20150527,创业板
300572.SZ,安车检测,电器仪表,20161206,创业板
300423.SZ,昇辉科技,电气设备,20150217,创业板
300537.SZ,广信材料,染料涂料,20160830,创业板
603306.SH,华懋科技,汽车配件,20140926,主板
603169.SH,兰石重装,专用机械,20141009,主板
603859.SH,能科科技,软件服务,20161021,主板
603878.SH,武进不锈,钢加工,20161219,主板
002772.SZ,众兴菌业,种植业,20150626,主板
002828.SZ,贝肯能源,石油开采,20161208,主板
603033.SH,三维股份,橡胶,20161207,主板
603311.SH,金海高科,家用电器,20150518,主板
603028.SH,赛福天,钢加工,20160331,主板
603036.SH,如通股份,专用机械,20161209,主板
300473.SZ,德尔股份,汽车配件,20150612,创业板
603602.SH,纵横通信,通信设备,20170810,主板
300474.SZ,景嘉微,元器件,20160331,创业板
300482.SZ,万孚生物,医疗保健,20150630,创业板
300497.SZ,富祥股份,化学制药,20151222,创业板
603066.SH,音飞储存,仓储物流,20150611,主板
603027.SH,千禾味业,食品,20160307,主板
603987.SH,康德莱,医疗保健,20161121,主板
603678.SH,火炬电子,元器件,20150126,主板
601127.SH,赛力斯,汽车整车,20160615,主板
300549.SZ,优德精密,专用机械,20160930,创业板
300600.SZ,国瑞科技,船舶,20170125,创业板
300586.SZ,美联新材,化工原料,20170104,创业板
002829.SZ,星网宇达,航空,20161213,主板
603258.SH,电魂网络,互联网,20161026,主板
603319.SH,美湖股份,汽车配件,20161130,主板
603568.SH,伟明环保,环境保护,20150528,主板
603444.SH,吉比特,互联网,20170104,主板
603029.SH,天鹅股份,农用机械,20160427,主板
002812.SZ,恩捷股份,电气设备,20160914,主板
603639.SH,海利尔,农药化肥,20170112,主板
300422.SZ,博世科,环境保护,20150217,创业板
300542.SZ,新晨科技,软件服务,20160920,创业板
300509.SZ,新美星,专用机械,20160425,创业板
300499.SZ,高澜股份,专用机械,20160202,创业板
603007.SH,顺景科技,建筑工程,20160826,主板
603658.SH,安图生物,医疗保健,20160901,主板
300503.SZ,昊志机电,机械基件,20160309,创业板
603043.SH,广州酒家,食品,20170627,主板
603313.SH,梦百合,家居用品,20161013,主板
300508.SZ,维宏股份,软件服务,20160419,创业板
300412.SZ,迦南科技,医疗保健,20141231,创业板
603819.SH,神力股份,电气设备,20161125,主板
603299.SH,苏盐井神,食品,20151231,主板
603026.SH,石大胜华,化工原料,20150529,主板
002825.SZ,纳尔股份,化工原料,20161129,主板
300525.SZ,博思软件,软件服务,20160726,创业板
300545.SZ,联得装备,专用机械,20160928,创业板
300543.SZ,朗科智能,元器件,20160908,创业板
300531.SZ,优博讯,IT设备,20160809,创业板
300570.SZ,太辰光,通信设备,20161206,创业板
600977.SH,中国电影,影视音像,20160809,主板
603300.SH,海南华铁,多元金融,20150529,主板
603598.SH,引力传媒,互联网,20150527,主板
603019.SH,中科曙光,IT设备,20141106,主板
603689.SH,皖天然气,供气供热,20170110,主板
603519.SH,立霸股份,家用电器,20150319,主板
002785.SZ,万里石,其他建材,20151223,主板
603067.SH,振华股份,化工原料,20160913,主板
300665.SZ,飞鹿股份,染料涂料,20170613,创业板
300573.SZ,兴齐眼药,化学制药,20161208,创业板
300428.SZ,立中集团,汽车配件,20150319,创业板
603601.SH,再升科技,玻璃,20150122,主板
002835.SZ,同为股份,IT设备,20161228,主板
601878.SH,浙商证券,证券,20170626,主板
603682.SH,锦和商管,房产服务,20200421,主板
603886.SH,元祖股份,食品,20161228,主板
603858.SH,步长制药,中成药,20161118,主板
002736.SZ,国信证券,证券,20141229,主板
603345.SH,安井食品,食品,20170222,主板
300426.SZ,华智数媒,影视音像,20150217,创业板
002765.SZ,蓝黛科技,元器件,20150612,主板
002810.SZ,山东赫达,化工原料,20160826,主板
300434.SZ,金石亚药,化学制药,20150424,创业板
300539.SZ,横河精密,塑料,20160830,创业板
300488.SZ,恒锋工具,机械基件,20150701,创业板
603808.SH,歌力思,服饰,20150422,主板
603737.SH,三棵树,染料涂料,20160603,主板
603778.SH,国晟科技,电气设备,20151231,主板
300439.SZ,美康生物,医疗保健,20150422,创业板
603223.SH,恒通股份,公路,20150630,主板
603016.SH,新宏泰,电气设备,20160701,主板
300450.SZ,先导智能,专用机械,20150518,创业板
300502.SZ,新易盛,通信设备,20160303,创业板
300446.SZ,航天智造,汽车配件,20150423,创业板
603628.SH,清源股份,电气设备,20170112,主板
300427.SZ,红相股份,电气设备,20150217,创业板
300493.SZ,润欣科技,元器件,20151210,创业板
300459.SZ,汤姆猫,互联网,20150515,创业板
300487.SZ,蓝晓科技,化工原料,20150702,创业板
300457.SZ,赢合科技,专用机械,20150514,创业板
603968.SH,醋化股份,化工原料,20150518,主板
300548.SZ,长芯博创,通信设备,20161012,创业板
300451.SZ,创业慧康,软件服务,20150514,创业板
300564.SZ,筑博设计,建筑工程,20191108,创业板
300560.SZ,中富通,通信设备,20161101,创业板
300550.SZ,和仁科技,软件服务,20161018,创业板
300394.SZ,天孚通信,通信设备,20150217,创业板
300938.SZ,信测标准,电器仪表,20210127,创业板
300556.SZ,丝路视觉,软件服务,20161104,创业板
300538.SZ,同益股份,塑料,20160826,创业板
300551.SZ,古鳌科技,软件服务,20161018,创业板
300569.SZ,天能重工,电气设备,20161125,创业板
300631.SZ,久吾高科,环境保护,20170323,创业板
300515.SZ,三德科技,电器仪表,20160608,创业板
300553.SZ,集智股份,电器仪表,20161021,创业板
300847.SZ,中船汉光,化工原料,20200709,创业板
300540.SZ,蜀道装备,专用机械,20160823,创业板
300558.SZ,贝达药业,化学制药,20161107,创业板
300541.SZ,先进数通,软件服务,20160913,创业板
601858.SH,中国科传,出版业,20170118,主板
603239.SH,浙江仙通,汽车配件,20161230,主板
603186.SH,XD华正新,元器件,20170103,主板
603716.SH,塞力医疗,医药商业,20161031,主板
603888.SH,新华网,互联网,20161028,主板
603416.SH,信捷电气,电器仪表,20161221,主板
603633.SH,徕木股份,汽车配件,20161117,主板
603098.SH,森特股份,装修装饰,20161216,主板
603669.SH,灵康药业,化学制药,20150528,主板
601163.SH,三角轮胎,汽车配件,20160909,主板
603505.SH,金石资源,化工原料,20170503,主板
603708.SH,家家悦,超市连锁,20161213,主板
002865.SZ,钧达股份,电气设备,20170425,主板
002836.SZ,新宏泽,广告包装,20161229,主板
002842.SZ,翔鹭钨业,小金属,20170119,主板
002824.SZ,和胜股份,铝,20170112,主板
603983.SH,丸美生物,日用化工,20190725,主板
603203.SH,快克智能,专用机械,20161108,主板
603035.SH,常熟汽饰,汽车配件,20170105,主板
603727.SH,博迈科,石油开采,20161122,主板
300458.SZ,全志科技,半导体,20150515,创业板
300413.SZ,芒果超媒,影视音像,20150121,创业板
300481.SZ,濮阳惠成,化工原料,20150630,创业板
300408.SZ,三环集团,元器件,20141203,创业板
600908.SH,无锡银行,银行,20160923,主板
002839.SZ,张家港行,银行,20170124,主板
601229.SH,上海银行,银行,20161116,主板
603323.SH,苏农银行,银行,20161129,主板
600919.SH,江苏银行,银行,20160802,主板
002807.SZ,江阴银行,银行,20160902,主板
601128.SH,常熟银行,银行,20160930,主板
601997.SH,贵阳银行,银行,20160816,主板
600926.SH,杭州银行,银行,20161027,主板
601838.SH,成都银行,银行,20180131,主板
603322.SH,超讯通信,通信设备,20160728,主板
300582.SZ,英飞特,元器件,20161228,创业板
300557.SZ,理工光科,电器仪表,20161101,创业板
603336.SH,宏辉果蔬,农业综合,20161124,主板
300623.SZ,捷捷微电,半导体,20170314,创业板
002840.SZ,华统股份,食品,20170110,主板
601881.SH,中国银河,证券,20170123,主板
603797.SH,联泰环保,环境保护,20170413,主板
300563.SZ,神宇股份,通信设备,20161114,创业板
300624.SZ,万兴科技,软件服务,20180118,创业板
002833.SZ,弘亚数控,专用机械,20161228,主板
300657.SZ,弘信电子,元器件,20170523,创业板
300562.SZ,乐心医疗,医疗保健,20161116,创业板
300565.SZ,科信技术,通信设备,20161122,创业板
603585.SH,苏利股份,农药化肥,20161214,主板
002831.SZ,裕同科技,广告包装,20161216,主板
002845.SZ,同兴达,元器件,20170125,主板
603990.SH,麦迪科技,软件服务,20161208,主板
603577.SH,汇金通,电气设备,20161222,主板
603298.SH,杭叉集团,工程机械,20161227,主板
603668.SH,天马科技,饲料,20170117,主板
603966.SH,法兰泰克,专用机械,20170125,主板
300587.SZ,天铁科技,橡胶,20170105,创业板
300575.SZ,中旗股份,农药化肥,20161220,创业板
300504.SZ,天邑股份,通信设备,20180330,创业板
603833.SH,欧派家居,家居用品,20170328,主板
002837.SZ,英维克,专用机械,20161229,主板
300686.SZ,智动力,元器件,20170804,创业板
300566.SZ,激智科技,元器件,20161115,创业板
300567.SZ,精测电子,电器仪表,20161122,创业板
002857.SZ,三晖电气,电器仪表,20170323,主板
002841.SZ,视源股份,元器件,20170119,主板
603637.SH,镇海股份,建筑工程,20170208,主板
603877.SH,太平鸟,服饰,20170109,主板
603928.SH,兴业股份,化工原料,20161212,主板
603086.SH,先达股份,农药化肥,20170511,主板
603218.SH,日月股份,电气设备,20161228,主板
603823.SH,百合花,染料涂料,20161220,主板
603228.SH,景旺电子,元器件,20170106,主板
002960.SZ,青鸟智控,专用机械,20190809,主板
300615.SZ,欣天科技,通信设备,20170215,创业板
603638.SH,艾迪精密,专用机械,20170120,主板
603579.SH,荣泰健康,家用电器,20170111,主板
603677.SH,奇精机械,家用电器,20170206,主板
002858.SZ,力盛体育,文教休闲,20170324,主板
603177.SH,德创环保,环境保护,20170207,主板
603538.SH,美诺华,化学制药,20170407,主板
601020.SH,华钰矿业,铅锌,20160316,主板
300682.SZ,朗新科技,软件服务,20170801,创业板
603039.SH,泛微网络,软件服务,20170113,主板
603037.SH,凯众股份,汽车配件,20170120,主板
603811.SH,诚意药业,化学制药,20170315,主板
601375.SH,中原证券,证券,20170103,主板
603881.SH,数据港,软件服务,20170208,主板
603626.SH,科森科技,元器件,20170209,主板
002850.SZ,科达利,电气设备,20170302,主板
002861.SZ,瀛通通讯,元器件,20170413,主板
300606.SZ,金太阳,机械基件,20170208,创业板
300619.SZ,金银河,专用机械,20170301,创业板
603303.SH,得邦照明,家用电器,20170330,主板
601228.SH,广州港,港口,20170329,主板
300580.SZ,贝斯特,汽车配件,20170111,创业板
603358.SH,华达科技,汽车配件,20170125,主板
603038.SH,华立股份,家居用品,20170116,主板
603040.SH,新坐标,汽车配件,20170209,主板
300578.SZ,会畅科技,通信设备,20170125,创业板
300571.SZ,平治信息,互联网,20161213,创业板
300598.SZ,诚迈科技,软件服务,20170120,创业板
002867.SZ,周大生,服饰,20170427,主板
603165.SH,荣晟环保,造纸,20170117,主板
603839.SH,安正时尚,服饰,20170214,主板
603360.SH,百傲化学,农药化肥,20170206,主板
002953.SZ,日丰股份,电气设备,20190509,主板
002855.SZ,捷荣技术,元器件,20170321,主板
603208.SH,江山欧派,家居用品,20170210,主板
603032.SH,德新科技,专用机械,20170105,主板
603908.SH,牧高笛,纺织,20170307,主板
300597.SZ,吉大通信,通信设备,20170123,创业板
603665.SH,康隆达,服饰,20170313,主板
300987.SZ,川网传媒,互联网,20210511,创业板
300581.SZ,晨曦航空,航空,20161220,创业板
300576.SZ,容大感光,染料涂料,20161220,创业板
300684.SZ,中石科技,元器件,20171227,创业板
000166.SZ,申万宏源,证券,20150126,主板
603089.SH,正裕工业,汽车配件,20170126,主板
002846.SZ,英联股份,广告包装,20170207,主板
002847.SZ,盐津铺子,食品,20170208,主板
300592.SZ,华凯易佰,互联网,20170120,创业板
603817.SH,海峡环保,环境保护,20170220,主板
300678.SZ,中科信息,软件服务,20170728,创业板
603217.SH,元利科技,化工原料,20190620,主板
603337.SH,杰克科技,纺织机械,20170119,主板
300568.SZ,星源材质,化工原料,20161201,创业板
603238.SH,诺邦股份,纺织,20170222,主板
002853.SZ,皮阿诺,家居用品,20170310,主板
603330.SH,天洋新材,塑料,20170213,主板
603615.SH,茶花股份,家居用品,20170213,主板
603656.SH,泰禾智能,专用机械,20170321,主板
300617.SZ,安靠智电,电气设备,20170228,创业板
002849.SZ,威星智能,电器仪表,20170217,主板
600996.SH,贵广网络,影视音像,20161226,主板
603393.SH,新天然气,供气供热,20160912,主板
603630.SH,拉芳家化,日用化工,20170313,主板
603955.SH,大千生态,建筑工程,20170310,主板
300865.SZ,大宏立,专用机械,20200824,创业板
603138.SH,海量数据,软件服务,20170306,主板
603960.SH,克来机电,汽车配件,20170314,主板
603896.SH,寿仙谷,中成药,20170510,主板
002852.SZ,道道全,食品,20170310,主板
300659.SZ,中孚信息,IT设备,20170526,创业板
603903.SH,中持股份,环境保护,20170314,主板
603991.SH,至正股份,半导体,20170308,主板
603768.SH,常青股份,汽车配件,20170324,主板
300647.SZ,超频三,化工原料,20170503,创业板
603385.SH,惠达卫浴,家居用品,20170405,主板
002875.SZ,安奈儿,服饰,20170601,主板
603178.SH,圣龙股份,汽车配件,20170328,主板
002774.SZ,快意电梯,运输设备,20170324,主板
003002.SZ,壶化股份,化工原料,20200922,主板
603078.SH,江化微,半导体,20170410,主板
603396.SH,金辰股份,专用机械,20171018,主板
002961.SZ,瑞达期货,多元金融,20190905,主板
300867.SZ,圣元环保,环境保护,20200824,创业板
300800.SZ,力合科技,环境保护,20191106,创业板
603787.SH,新日股份,摩托车,20170427,主板
603179.SH,新泉股份,汽车配件,20170317,主板
601952.SH,苏垦农发,种植业,20170515,主板
603920.SH,世运电路,元器件,20170426,主板
300593.SZ,新雷能,电气设备,20170113,创业板
300577.SZ,开润股份,纺织,20161221,创业板
603096.SH,新经典,出版业,20170425,主板
603803.SH,瑞斯康达,通信设备,20170420,主板
002862.SZ,实丰文化,文教休闲,20170411,主板
603758.SH,秦安股份,汽车配件,20170517,主板
603050.SH,科林电气,电气设备,20170414,主板
002906.SZ,华阳集团,汽车配件,20171013,主板
300958.SZ,建工修复,环境保护,20210329,创业板
300756.SZ,金马游乐,专用机械,20181228,创业板
002878.SZ,元隆雅图,广告包装,20170606,主板
300787.SZ,海能实业,元器件,20190815,创业板
603906.SH,龙蟠科技,电气设备,20170410,主板
603180.SH,金牌家居,家居用品,20170512,主板
603041.SH,美思德,化工原料,20170330,主板
603536.SH,惠发食品,食品,20170613,主板
603113.SH,金能科技,化工原料,20170511,主板
300629.SZ,新劲刚,元器件,20170324,创业板
300583.SZ,赛托生物,化学制药,20170106,创业板
002882.SZ,金龙羽,电气设备,20170717,主板
002868.SZ,绿康生化,农业综合,20170503,主板
603680.SH,今创集团,运输设备,20180227,主板
603232.SH,格尔软件,软件服务,20170421,主板
003020.SZ,立方制药,化学制药,20201215,主板
603269.SH,海鸥股份,机械基件,20170517,主板
603229.SH,奥翔药业,化学制药,20170509,主板
603826.SH,坤彩科技,染料涂料,20170414,主板
002859.SZ,洁美科技,元器件,20170407,主板
603058.SH,永吉股份,广告包装,20161223,主板
603855.SH,华荣股份,专用机械,20170524,主板
603127.SH,昭衍新药,医疗保健,20170825,主板
002870.SZ,香山股份,汽车配件,20170515,主板
300589.SZ,江龙船艇,船舶,20170113,创业板
300601.SZ,康泰生物,生物制药,20170207,创业板
002902.SZ,铭普光磁,通信设备,20170929,主板
300585.SZ,奥联电子,汽车配件,20161229,创业板
603926.SH,铁流股份,汽车配件,20170510,主板
002860.SZ,星帅尔,家用电器,20170412,主板
603501.SH,豪威集团,半导体,20170504,主板
603200.SH,上海洗霸,环境保护,20170601,主板
300612.SZ,宣亚国际,广告包装,20170215,创业板
603586.SH,XD金麒麟,汽车配件,20170406,主板
300868.SZ,杰美特,元器件,20200824,创业板
300945.SZ,曼卡龙,服饰,20210210,创业板
603139.SH,康惠股份,中成药,20170421,主板
002926.SZ,华西证券,证券,20180205,主板
603776.SH,永安行,公共交通,20170817,主板
603496.SH,恒为科技,IT设备,20170607,主板
002871.SZ,伟隆股份,机械基件,20170511,主板
603728.SH,鸣志电器,电气设备,20170509,主板
002869.SZ,金溢科技,通信设备,20170515,主板
300588.SZ,熙菱信息,IT设备,20170105,创业板
300590.SZ,移为通信,通信设备,20170111,创业板
300613.SZ,富瀚微,半导体,20170220,创业板
300618.SZ,寒锐钴业,小金属,20170306,创业板
300616.SZ,尚品宅配,家居用品,20170307,创业板
002876.SZ,三利谱,元器件,20170525,主板
603717.SH,天域生物,农业综合,20170327,主板
603879.SH,永悦科技,化工原料,20170614,主板
603081.SH,大丰实业,专用机械,20170420,主板
002863.SZ,今飞凯达,汽车配件,20170418,主板
300645.SZ,正元智慧,软件服务,20170421,创业板
300610.SZ,晨化股份,化工原料,20170213,创业板
300675.SZ,建科院,建筑工程,20170719,创业板
300638.SZ,广和通,通信设备,20170413,创业板
300602.SZ,飞荣达,元器件,20170126,创业板
300996.SZ,普联软件,软件服务,20210603,创业板
300595.SZ,欧普康视,医疗保健,20170117,创业板
003025.SZ,思进智能,机床制造,20201211,主板
300584.SZ,海辰药业,化学制药,20170112,创业板
300599.SZ,雄塑科技,塑料,20170123,创业板
603335.SH,迪生力,汽车配件,20170620,主板
300605.SZ,恒锋信息,软件服务,20170208,创业板
300591.SZ,万里马,服饰,20170110,创业板
300639.SZ,凯普生物,医疗保健,20170412,创业板
300608.SZ,思特奇,软件服务,20170213,创业板
603316.SH,诚邦股份,建筑工程,20170619,主板
301098.SZ,金埔园林,建筑工程,20211112,创业板
603331.SH,百达精工,专用机械,20170705,主板
603856.SH,东宏股份,塑料,20171106,主板
603488.SH,展鹏科技,运输设备,20170516,主板
603679.SH,华体科技,电气设备,20170621,主板
002965.SZ,祥鑫科技,汽车配件,20191025,主板
601121.SH,宝地矿业,普钢,20230310,主板
300498.SZ,温氏股份,农业综合,20151102,创业板
603357.SH,设计总院,建筑工程,20170801,主板
002866.SZ,传艺科技,IT设备,20170426,主板
603093.SH,南华期货,多元金融,20190830,主板
603970.SH,中农立华,农药化肥,20171116,主板
002935.SZ,天奥电子,航空,20180903,主板
002877.SZ,智能自控,机械基件,20170605,主板
002900.SZ,哈三联,化学制药,20170922,主板
002880.SZ,卫光生物,生物制药,20170616,主板
603063.SH,禾望电气,电气设备,20170728,主板
605303.SH,园林股份,建筑工程,20210301,主板
002886.SZ,沃特股份,塑料,20170627,主板
603387.SH,基蛋生物,医疗保健,20170717,主板
002879.SZ,长缆科技,电气设备,20170707,主板
603196.SH,璞源材料,服饰,20170531,主板
603978.SH,深圳新星,小金属,20170807,主板
601108.SH,财通证券,证券,20171024,主板
001332.SZ,锡装股份,专用机械,20220920,主板
603042.SH,华脉科技,通信设备,20170602,主板
603587.SH,地素时尚,服饰,20180622,主板
002893.SZ,京能热力,供气供热,20170915,主板
603725.SH,天安新材,塑料,20170906,主板
603985.SH,恒润股份,电气设备,20170505,主板
603619.SH,中曼石油,石油开采,20171117,主板
603938.SH,三孚股份,化工原料,20170628,主板
603711.SH,香飘飘,软饮料,20171130,主板
603880.SH,南卫股份,医疗保健,20170807,主板
002884.SZ,凌霄泵业,机械基件,20170711,主板
603767.SH,中马传动,汽车配件,20170613,主板
603079.SH,圣达生物,食品,20170823,主板
300622.SZ,博士眼镜,其他商业,20170315,创业板
300611.SZ,美力科技,汽车配件,20170220,创业板
300609.SZ,汇纳科技,软件服务,20170215,创业板
300767.SZ,震安科技,橡胶,20190329,创业板
300708.SZ,聚灿光电,半导体,20171016,创业板
300625.SZ,三雄极光,家用电器,20170317,创业板
300621.SZ,维业股份,装修装饰,20170316,创业板
301208.SZ,中亦科技,软件服务,20220707,创业板
300661.SZ,圣邦股份,半导体,20170606,创业板
300627.SZ,华测导航,通信设备,20170321,创业板
300626.SZ,华瑞股份,电气设备,20170320,创业板
300620.SZ,光库科技,通信设备,20170310,创业板
300633.SZ,开立医疗,医疗保健,20170406,创业板
300628.SZ,亿联网络,通信设备,20170317,创业板
300701.SZ,森霸传感,元器件,20170915,创业板
300908.SZ,仲景食品,食品,20201123,创业板
300695.SZ,兆丰股份,汽车配件,20170908,创业板
300637.SZ,扬帆新材,化工原料,20170412,创业板
300603.SZ,立昂技术,通信设备,20170126,创业板
300635.SZ,中达安,建筑工程,20170331,创业板
300699.SZ,光威复材,化纤,20170901,创业板
301286.SZ,侨源股份,化工原料,20220614,创业板
300636.SZ,同和药业,化学制药,20170331,创业板
300662.SZ,科锐国际,文教休闲,20170608,创业板
300670.SZ,大烨智能,电气设备,20170703,创业板
300663.SZ,科蓝软件,软件服务,20170608,创业板
300700.SZ,岱勒新材,矿物制品,20170912,创业板
601155.SH,新城控股,区域地产,20151204,主板
603055.SH,台华新材,纺织,20170921,主板
300801.SZ,泰和科技,化工原料,20191128,创业板
603535.SH,嘉诚国际,仓储物流,20170808,主板
603233.SH,大参林,医药商业,20170731,主板
300652.SZ,雷迪克,汽车配件,20170516,创业板
300648.SZ,星云股份,电气设备,20170425,创业板
300953.SZ,震裕科技,电气设备,20210318,创业板
300685.SZ,艾德生物,医疗保健,20170802,创业板
301153.SZ,中科江南,软件服务,20220518,创业板
601019.SH,山东出版,出版业,20171122,主板
603289.SH,泰瑞机器,专用机械,20171031,主板
300643.SZ,万通智控,汽车配件,20170505,创业板
300837.SZ,浙矿股份,专用机械,20200605,创业板
300514.SZ,友讯达,电器仪表,20170426,创业板
300650.SZ,太龙股份,元器件,20170503,创业板
300653.SZ,正海生物,医疗保健,20170516,创业板
300676.SZ,华大基因,医疗保健,20170714,创业板
603110.SH,东方材料,染料涂料,20171013,主板
603226.SH,菲林格尔,家居用品,20170615,主板
300963.SZ,中洲特材,小金属,20210409,创业板
603648.SH,畅联股份,仓储物流,20170913,主板
603916.SH,苏博特,化工原料,20171110,主板
603683.SH,晶华新材,化工原料,20171020,主板
603933.SH,睿能科技,元器件,20170706,主板
002887.SZ,绿茵生态,环境保护,20170801,主板
300690.SZ,双一科技,电气设备,20170808,创业板
300641.SZ,正丹股份,化工原料,20170418,创业板
300680.SZ,隆盛科技,汽车配件,20170725,创业板
300604.SZ,长川科技,半导体,20170417,创业板
300642.SZ,透景生命,医疗保健,20170421,创业板
300658.SZ,延江股份,纺织,20170602,创业板
300651.SZ,金陵体育,文教休闲,20170509,创业板
300649.SZ,杭州园林,建筑工程,20170505,创业板
300554.SZ,三超新材,矿物制品,20170421,创业板
300929.SZ,华骐环保,环境保护,20210120,创业板
300703.SZ,创源股份,文教休闲,20170919,创业板
002909.SZ,集泰股份,化工原料,20171026,主板
603286.SH,日盈电子,汽车配件,20170627,主板
603329.SH,上海雅仕,仓储物流,20171229,主板
603809.SH,豪能股份,汽车配件,20171128,主板
601162.SH,天风证券,证券,20181019,主板
001979.SZ,招商蛇口,全国地产,20151230,主板
300666.SZ,江丰电子,半导体,20170615,创业板
300660.SZ,江苏雷利,电气设备,20170602,创业板
300667.SZ,必创科技,电器仪表,20170619,创业板
300655.SZ,晶瑞电材,半导体,20170523,创业板
603757.SH,大元泵业,机械基件,20170711,主板
002827.SZ,高争民爆,化工原料,20161209,主板
603326.SH,我乐家居,家居用品,20170616,主板
603980.SH,吉华集团,染料涂料,20170615,主板
603458.SH,勘设股份,建筑工程,20170809,主板
603260.SH,合盛硅业,化工原料,20171030,主板
601619.SH,嘉泽新能,新型电力,20170720,主板
002890.SZ,弘宇股份,农用机械,20170802,主板
601949.SH,中国出版,出版业,20170821,主板
603617.SH,君禾股份,机械基件,20170703,主板
003006.SZ,百亚股份,造纸,20200921,主板
603882.SH,金域医学,医疗保健,20170908,主板
002826.SZ,易明医药,化学制药,20161209,主板
300817.SZ,双飞集团,机械基件,20200218,创业板
300656.SZ,民德电子,IT设备,20170519,创业板
603136.SH,天目湖,旅游景点,20170927,主板
300671.SZ,富满微,半导体,20170705,创业板
300791.SZ,仙乐健康,医疗保健,20190925,创业板
603801.SH,志邦家居,家居用品,20170630,主板
002888.SZ,惠威科技,元器件,20170721,主板
300888.SZ,稳健医疗,医疗保健,20200917,创业板
002885.SZ,京泉华,元器件,20170627,主板
603707.SH,健友股份,生物制药,20170719,主板
600918.SH,中泰证券,证券,20200603,主板
300693.SZ,盛弘股份,电气设备,20170822,创业板
300640.SZ,德艺文创,家居用品,20170417,创业板
300761.SZ,立华股份,农业综合,20190218,创业板
300706.SZ,阿石创,元器件,20170926,创业板
603380.SH,易德龙,元器件,20170622,主板
002881.SZ,美格智能,元器件,20170622,主板
603305.SH,旭升集团,汽车配件,20170710,主板
300681.SZ,英搏尔,汽车配件,20170725,创业板
603129.SH,春风动力,摩托车,20170818,主板
300688.SZ,创业黑马,文教休闲,20170810,创业板
300677.SZ,英科医疗,医疗保健,20170721,创业板
300712.SZ,永福股份,建筑工程,20171031,创业板
002891.SZ,中宠股份,饲料,20170821,主板
603365.SH,水星家纺,纺织,20171120,主板
603106.SH,恒银科技,IT设备,20170920,主板
300668.SZ,杰恩股份,装修装饰,20170619,创业板
301503.SZ,智迪科技,IT设备,20230717,创业板
300691.SZ,联合光电,元器件,20170811,创业板
300672.SZ,国科微,半导体,20170712,创业板
300669.SZ,沪宁股份,运输设备,20170629,创业板
600901.SH,江苏金租,多元金融,20180301,主板
002897.SZ,意华股份,元器件,20170907,主板
603500.SH,祥和实业,运输设备,20170904,主板
002895.SZ,川恒股份,化工原料,20170825,主板
002901.SZ,大博医疗,医疗保健,20170922,主板
603976.SH,正川股份,医疗保健,20170822,主板
300683.SZ,海特生物,生物制药,20170808,创业板
001218.SZ,丽臣实业,化工原料,20211015,主板
603386.SH,骏亚科技,元器件,20170912,主板
603605.SH,珀莱雅,日用化工,20171115,主板
603183.SH,建研院,建筑工程,20170905,主板
603363.SH,傲农生物,饲料,20170926,主板
603181.SH,皇马科技,化工原料,20170824,主板
603321.SH,梅轮电梯,运输设备,20170915,主板
300687.SZ,赛意信息,软件服务,20170803,创业板
603076.SH,乐惠国际,专用机械,20171113,主板
300679.SZ,电连技术,元器件,20170731,创业板
603083.SH,剑桥科技,通信设备,20171110,主板
605151.SH,西上海,汽车配件,20201215,主板
002892.SZ,科力尔,电气设备,20170817,主板
002920.SZ,德赛西威,汽车配件,20171226,主板
603087.SH,甘李药业,生物制药,20200629,主板
603499.SH,翔港科技,广告包装,20171016,主板
300723.SZ,一品红,化学制药,20171116,创业板
603659.SH,璞泰来,化工原料,20171103,主板
603283.SH,赛腾股份,专用机械,20171225,主板
603533.SH,掌阅科技,互联网,20170921,主板
300689.SZ,澄天伟业,通信设备,20170809,创业板
600025.SH,华能水电,水力发电,20171215,主板
002970.SZ,锐明技术,IT设备,20191217,主板
002918.SZ,蒙娜丽莎,陶瓷,20171219,主板
003033.SZ,征和工业,汽车配件,20210111,主板
301428.SZ,世纪恒通,互联网,20230519,创业板
603967.SH,中创物流,仓储物流,20190429,主板
603103.SH,横店影视,影视音像,20171012,主板
603709.SH,中源家居,家居用品,20180208,主板
003036.SZ,泰坦股份,纺织机械,20210128,主板
605108.SH,同庆楼,酒店餐饮,20200716,主板
601330.SH,绿色动力,环境保护,20180611,主板
002919.SZ,名臣健康,互联网,20171218,主板
601068.SH,中铝国际,建筑工程,20180831,主板
605296.SH,神农集团,农业综合,20210528,主板
002921.SZ,联诚精密,汽车配件,20171227,主板
603917.SH,合力科技,汽车配件,20171204,主板
002903.SZ,宇环数控,机床制造,20171013,主板
002899.SZ,英派斯,文教休闲,20170915,主板
603214.SH,爱婴室,百货,20180330,主板
002896.SZ,中大力德,机械基件,20170829,主板
603507.SH,振江股份,电气设备,20171106,主板
603392.SH,万泰生物,生物制药,20200429,主板
300720.SZ,海川智能,电器仪表,20171106,创业板
300696.SZ,爱乐达,航空,20170822,创业板
300697.SZ,电工合金,铜,20170907,创业板
301333.SZ,诺思格,医疗保健,20220802,创业板
300717.SZ,华信新材,塑料,20171106,创业板
300713.SZ,英可瑞,电气设备,20171101,创业板
300692.SZ,中赋科技,环境保护,20170821,创业板
300743.SZ,天地数码,IT设备,20180427,创业板
300949.SZ,奥雅股份,建筑工程,20210226,创业板
300878.SZ,维康药业,中成药,20200824,创业板
301026.SZ,浩通科技,小金属,20210716,创业板
300709.SZ,精研科技,元器件,20171019,创业板
300730.SZ,科创信息,软件服务,20171205,创业板
603893.SH,瑞芯微,半导体,20200207,主板
605006.SH,山东玻纤,玻璃,20200903,主板
600968.SH,海油发展,石油开采,20190626,主板
300886.SZ,华业香料,化工原料,20200916,创业板
603655.SH,朗博科技,汽车配件,20171229,主板
002908.SZ,德生科技,软件服务,20171020,主板
603829.SH,洛凯股份,电气设备,20171017,主板
603466.SH,风语筑,文教休闲,20171020,主板
002912.SZ,中新赛克,IT设备,20171121,主板
603506.SH,南都物业,房产服务,20180201,主板
001227.SZ,兰州银行,银行,20220117,主板
002907.SZ,华森制药,中成药,20171020,主板
002922.SZ,伊戈尔,电气设备,20171229,主板
300702.SZ,天宇股份,化学制药,20170919,创业板
603895.SH,天永智能,专用机械,20180122,主板
605136.SH,丽人丽妆,其他商业,20200929,主板
603912.SH,佳力图,专用机械,20171101,主板
002999.SZ,天禾股份,批发业,20200903,主板
300769.SZ,德方纳米,化工原料,20190415,创业板
002915.SZ,中欣氟材,化工原料,20171205,主板
002939.SZ,长城证券,证券,20181026,主板
300719.SZ,安达维尔,航空,20171109,创业板
002913.SZ,奥士康,元器件,20171201,主板
002925.SZ,盈趣科技,元器件,20180115,主板
002945.SZ,华林证券,证券,20190117,主板
603848.SH,好太太,家居用品,20171201,主板
300726.SZ,宏达电子,元器件,20171121,创业板
300707.SZ,威唐工业,汽车配件,20171010,创业板
300827.SZ,上能电气,电气设备,20200410,创业板
002958.SZ,青农商行,银行,20190326,主板
300777.SZ,中简科技,化纤,20190516,创业板
603607.SH,京华激光,造纸,20171025,主板
601528.SH,瑞丰银行,银行,20210625,主板
603685.SH,晨丰科技,电气设备,20171127,主板
603661.SH,恒林股份,家居用品,20171121,主板
603356.SH,华菱精工,运输设备,20180124,主板
603676.SH,卫信康,化学制药,20170721,主板
002966.SZ,苏州银行,银行,20190802,主板
300674.SZ,宇信科技,软件服务,20181107,创业板
601860.SH,紫金银行,银行,20190103,主板
002910.SZ,庄园牧场,乳制品,20171031,主板
300607.SZ,拓斯达,专用机械,20170209,创业板
603578.SH,三星新材,家用电器,20170306,主板
002948.SZ,青岛银行,银行,20190116,主板
603278.SH,大业股份,钢加工,20171113,主板
600903.SH,贵州燃气,供气供热,20171107,主板
301017.SZ,漱玉平民,医药商业,20210705,创业板
300710.SZ,万隆光电,通信设备,20171019,创业板
300943.SZ,春晖智控,机械基件,20210210,创业板
300731.SZ,科创新源,橡胶,20171208,创业板
300727.SZ,润禾材料,化工原料,20171127,创业板
300711.SZ,广哈通信,通信设备,20171101,创业板
601456.SH,国联民生,证券,20200731,主板
301028.SZ,鼎熔岩,专用机械,20210720,创业板
603871.SH,嘉友国际,仓储物流,20180206,主板
002936.SZ,郑州银行,银行,20180919,主板
002917.SZ,金奥博,化工原料,20171208,主板
300738.SZ,奥飞数据,软件服务,20180119,创业板
300718.SZ,长盛轴承,机械基件,20171106,创业板
002864.SZ,盘龙药业,中成药,20171116,主板
605158.SH,华达新材,钢加工,20200805,主板
603590.SH,康辰药业,生物制药,20180827,主板
603161.SH,科华控股,汽车配件,20180105,主板
603059.SH,倍加洁,日用化工,20180302,主板
600928.SH,西安银行,银行,20190301,主板
603109.SH,神驰机电,电气设备,20191231,主板
300829.SZ,金丹科技,食品,20200422,创业板
002989.SZ,中天精装,装修装饰,20200610,主板
002916.SZ,深南电路,元器件,20171213,主板
603379.SH,三美股份,化工原料,20190402,主板
300721.SZ,怡达股份,化工原料,20171115,创业板
300732.SZ,设研院,建筑工程,20171212,创业板
300733.SZ,西菱动力,汽车配件,20180116,创业板
300634.SZ,彩讯股份,软件服务,20180323,创业板
300735.SZ,光弘科技,元器件,20171229,创业板
002928.SZ,华夏航空,空运,20180302,主板
300722.SZ,新余国科,航空,20171110,创业板
300968.SZ,格林精密,元器件,20210415,创业板
300807.SZ,天迈科技,软件服务,20191219,创业板
603949.SH,雪龙集团,汽车配件,20200310,主板
603486.SH,科沃斯,家用电器,20180528,主板
300632.SZ,光莆股份,半导体,20170406,创业板
300715.SZ,凯伦股份,其他建材,20171026,创业板
601200.SH,上海环境,环境保护,20170331,主板
300773.SZ,拉卡拉,软件服务,20190425,创业板
300737.SZ,科顺股份,其他建材,20180125,创业板
603225.SH,新凤鸣,化纤,20170418,主板
002995.SZ,天地在线,互联网,20200805,主板
300725.SZ,药石科技,化学制药,20171110,创业板
601990.SH,南京证券,证券,20180613,主板
603733.SH,仙鹤股份,造纸,20180420,主板
603897.SH,长城科技,电气设备,20180410,主板
603890.SH,春秋电子,元器件,20171212,主板
603666.SH,亿嘉和,专用机械,20180612,主板
002978.SZ,安宁股份,小金属,20200417,主板
603596.SH,伯特利,汽车配件,20180427,主板
300962.SZ,中金辐照,医疗保健,20210409,创业板
300786.SZ,国林科技,环境保护,20190723,创业板
300848.SZ,美瑞新材,化工原料,20200720,创业板
300781.SZ,因赛集团,广告包装,20190606,创业板
002873.SZ,新天药业,中成药,20170519,主板
300745.SZ,欣锐科技,汽车配件,20180523,创业板
300783.SZ,三只松鼠,食品,20190712,创业板
300785.SZ,值得买,互联网,20190715,创业板
300740.SZ,水羊股份,日用化工,20180208,创业板
603477.SH,巨星农牧,农业综合,20171218,主板
300810.SZ,中科海讯,船舶,20191206,创业板
300724.SZ,捷佳伟创,专用机械,20180810,创业板
300936.SZ,中英科技,元器件,20210126,创业板
003003.SZ,天元股份,广告包装,20200921,主板
300935.SZ,盈建科,软件服务,20210120,创业板
300673.SZ,佩蒂股份,饲料,20170711,创业板
603105.SH,芯能科技,电气设备,20180709,主板
002981.SZ,朝阳科技,元器件,20200417,主板
301380.SZ,挖金客,软件服务,20221025,创业板
603722.SH,阿科力,化工原料,20171025,主板
301469.SZ,恒达新材,造纸,20230822,创业板
603516.SH,淳中科技,IT设备,20180202,主板
300760.SZ,迈瑞医疗,医疗保健,20181016,创业板
605266.SH,健之佳,医药商业,20201201,主板
603301.SH,振德医疗,医疗保健,20180412,主板
002931.SZ,锋龙股份,机械基件,20180403,主板
300771.SZ,智莱科技,IT设备,20190422,创业板
300644.SZ,南京聚隆,塑料,20180206,创业板
603773.SH,沃格光电,元器件,20180417,主板
603279.SH,景津装备,环境保护,20190729,主板
300749.SZ,顶固集创,家居用品,20180925,创业板
300788.SZ,中信出版,出版业,20190705,创业板
300752.SZ,隆利科技,元器件,20181130,创业板
300739.SZ,明阳电路,元器件,20180201,创业板
300883.SZ,龙利得,造纸,20200910,创业板
603700.SH,宁水集团,电器仪表,20190122,主板
301062.SZ,上海艾录,广告包装,20210914,创业板
603150.SH,万朗磁塑,塑料,20220124,主板
603267.SH,鸿远电子,元器件,20190515,主板
002927.SZ,泰永长征,电气设备,20180223,主板
603256.SH,宏和科技,玻璃,20190719,主板
301076.SZ,新瀚新材,化工原料,20211011,创业板
300853.SZ,申昊科技,专用机械,20200724,创业板
300747.SZ,锐科激光,专用机械,20180625,创业板
300741.SZ,华宝股份,食品,20180301,创业板
300839.SZ,博汇股份,石油加工,20200630,创业板
605178.SH,时空科技,装修装饰,20200821,主板
603706.SH,东方环宇,供气供热,20180709,主板
603353.SH,和顺石油,石油贸易,20200407,主板
301035.SZ,润丰股份,农药化肥,20210728,创业板
300894.SZ,火星人,家用电器,20201231,创业板
300698.SZ,万马科技,通信设备,20170831,创业板
603220.SH,中贝通信,通信设备,20181115,主板
300751.SZ,迈为股份,专用机械,20181109,创业板
300768.SZ,迪普科技,软件服务,20190412,创业板
300915.SZ,海融科技,乳制品,20201202,创业板
605098.SH,行动教育,文教休闲,20210421,主板
603693.SH,江苏新能,新型电力,20180703,主板
002992.SZ,宝明科技,元器件,20200803,主板
300849.SZ,锦盛新材,塑料,20200710,创业板
601869.SH,长飞光纤,通信设备,20180720,主板
300897.SZ,山科智能,电器仪表,20200928,创业板
601066.SH,中信建投,证券,20180620,主板
300902.SZ,国安达,专用机械,20201029,创业板
002942.SZ,新农股份,农药化肥,20181205,主板
301018.SZ,申菱环境,专用机械,20210707,创业板
300899.SZ,上海凯鑫,环境保护,20201016,创业板
603681.SH,永冠新材,化工原料,20190326,主板
603755.SH,日辰股份,食品,20190828,主板
300758.SZ,七彩化学,染料涂料,20190222,创业板
603297.SH,永新光学,元器件,20180910,主板
300757.SZ,罗博特科,专用机械,20190108,创业板
300694.SZ,蠡湖股份,汽车配件,20181015,创业板
603650.SH,彤程新材,化工原料,20180627,主板
301335.SZ,天元宠物,文教休闲,20221118,创业板
605088.SH,冠盛股份,汽车配件,20200817,主板
301258.SZ,富士莱,化学制药,20220329,创业板
002940.SZ,昂利康,化学制药,20181023,主板
002937.SZ,兴瑞科技,元器件,20180926,主板
300759.SZ,康龙化成,化学制药,20190128,创业板
603629.SH,利通电子,元器件,20181224,主板
603810.SH,丰山集团,农药化肥,20180917,主板
603876.SH,鼎胜新材,铝,20180418,主板
603527.SH,众源新材,铜,20170907,主板
603713.SH,密尔克卫,仓储物流,20180713,主板
300877.SZ,金春股份,纺织,20200824,创业板
300896.SZ,爱美客,医疗保健,20200928,创业板
300981.SZ,中红医疗,医疗保健,20210427,创业板
300753.SZ,爱朋医疗,医疗保健,20181213,创业板
603739.SH,蔚蓝生物,农业综合,20190116,主板
603121.SH,华培动力,汽车配件,20190111,主板
301226.SZ,祥明智能,电气设备,20220325,创业板
603192.SH,汇得科技,化工原料,20180828,主板
300775.SZ,三角防务,航空,20190521,创业板
002941.SZ,新疆交建,建筑工程,20181128,主板
601236.SH,红塔证券,证券,20190705,主板
603790.SH,雅运股份,染料涂料,20180912,主板
603915.SH,国茂股份,机械基件,20190614,主板
301505.SZ,苏州规划,建筑工程,20230719,创业板
603277.SH,银都股份,专用机械,20170911,主板
603657.SH,春光科技,家用电器,20180730,主板
603662.SH,柯力传感,电器仪表,20190806,主板
300748.SZ,金力永磁,矿物制品,20180921,创业板
603259.SH,药明康德,化学制药,20180508,主板
605183.SH,确成股份,化工原料,20201207,主板
300776.SZ,帝尔激光,专用机械,20190517,创业板
301042.SZ,安联锐视,IT设备,20210805,创业板
300654.SZ,世纪天鸿,出版业,20170926,创业板
300705.SZ,九典制药,化学制药,20171010,创业板
300818.SZ,耐普矿机,专用机械,20200212,创业板
603080.SH,新疆火炬,供气供热,20180103,主板
603697.SH,有友食品,食品,20190508,主板
300835.SZ,龙磁科技,矿物制品,20200525,创业板
300454.SZ,深信服,软件服务,20180516,创业板
300811.SZ,铂科新材,矿物制品,20191230,创业板
301266.SZ,宇邦新材,电气设备,20220608,创业板
003010.SZ,若羽臣,互联网,20200925,主板
001210.SZ,金房能源,供气供热,20210729,主板
603937.SH,丽岛新材,铝,20171102,主板
003012.SZ,东鹏控股,陶瓷,20201019,主板
300960.SZ,通业科技,运输设备,20210329,创业板
300828.SZ,锐新科技,机械基件,20200421,创业板
600933.SH,爱柯迪,汽车配件,20171117,主板
300766.SZ,每日互动,互联网,20190325,创业板
601319.SH,中国人保,保险,20181116,主板
002952.SZ,亚世光电,元器件,20190328,主板
002946.SZ,新乳业,乳制品,20190125,主板
603332.SH,苏州龙杰,化纤,20190117,主板
002947.SZ,恒铭达,元器件,20190201,主板
300780.SZ,德恩精工,机械基件,20190531,创业板
300778.SZ,新城市,建筑工程,20190510,创业板
301263.SZ,泰恩康,医药商业,20220329,创业板
603613.SH,国联股份,互联网,20190730,主板
002967.SZ,广电计量,电器仪表,20191108,主板
601298.SH,青岛港,港口,20190121,主板
300845.SZ,捷安高科,软件服务,20200703,创业板
300859.SZ,西域旅游,旅游服务,20200806,创业板
300795.SZ,米奥会展,文教休闲,20191022,创业板
300762.SZ,上海瀚讯,通信设备,20190314,创业板
301191.SZ,菲菱科思,通信设备,20220526,创业板
300890.SZ,翔丰华,电气设备,20200917,创业板
001330.SZ,博纳影业,影视音像,20220818,主板
603068.SH,博通集成,半导体,20190415,主板
301591.SZ,肯特股份,塑料,20240228,创业板
002996.SZ,顺博合金,铝,20200828,主板
002943.SZ,宇晶股份,机床制造,20181129,主板
300772.SZ,运达股份,电气设备,20190426,创业板
300803.SZ,指南针,软件服务,20191118,创业板
300832.SZ,新产业,医疗保健,20200512,创业板
300763.SZ,锦浪科技,电气设备,20190319,创业板
001296.SZ,长江材料,其他建材,20211224,主板
300736.SZ,百邦科技,通信设备,20180109,创业板
601916.SH,浙商银行,银行,20191126,主板
002938.SZ,鹏鼎控股,元器件,20180918,主板
300750.SZ,宁德时代,电气设备,20180611,创业板
300789.SZ,唐源电气,运输设备,20190828,创业板
002950.SZ,奥美医疗,医疗保健,20190311,主板
603351.SH,威尔药业,化学制药,20190130,主板
603045.SH,福达合金,小金属,20180517,主板
002949.SZ,华阳国际,建筑工程,20190226,主板
601187.SH,厦门银行,银行,20201027,主板
301419.SZ,阿莱德,通信设备,20230209,创业板
603348.SH,文灿股份,汽车配件,20180426,主板
603583.SH,捷昌驱动,电气设备,20180921,主板
601577.SH,长沙银行,银行,20180926,主板
001965.SZ,招商公路,路桥,20171225,主板
301302.SZ,华如科技,软件服务,20220623,创业板
001201.SZ,东瑞股份,农业综合,20210428,主板
300770.SZ,新媒股份,影视音像,20190419,创业板
603863.SH,松炀资源,造纸,20190621,主板
002951.SZ,金时科技,广告包装,20190315,主板
603712.SH,七一二,通信设备,20180226,主板
300779.SZ,惠城环保,环境保护,20190522,创业板
603187.SH,海容冷链,机械基件,20181129,主板
300970.SZ,华绿生物,种植业,20210412,创业板
002956.SZ,西麦食品,食品,20190619,主板
300813.SZ,泰林生物,医疗保健,20200114,创业板
002929.SZ,润建股份,通信设备,20180301,主板
600929.SH,雪天盐业,食品,20180326,主板
300765.SZ,新诺威,食品,20190322,创业板
300912.SZ,凯龙高科,汽车配件,20201207,创业板
300798.SZ,锦鸡股份,染料涂料,20191122,创业板
300824.SZ,北鼎股份,家用电器,20200619,创业板
002957.SZ,科瑞技术,专用机械,20190726,主板
603927.SH,中科软,软件服务,20190909,主板
001236.SZ,弘业期货,多元金融,20220805,主板
601698.SH,中国卫通,电信运营,20190628,主板
603867.SH,新化股份,化工原料,20190627,主板
603687.SH,大胜达,广告包装,20190726,主板
603212.SH,赛伍技术,塑料,20200430,主板
603236.SH,移远通信,通信设备,20190716,主板
603327.SH,福蓉科技,元器件,20190523,主板
603956.SH,威派格,专用机械,20190222,主板
600989.SH,宝丰能源,化工原料,20190516,主板
603115.SH,海星股份,铝,20190809,主板
603982.SH,泉峰汽车,汽车配件,20190522,主板
603786.SH,科博达,汽车配件,20191015,主板
301168.SZ,通灵股份,电气设备,20211210,创业板
603530.SH,神马电力,电气设备,20190805,主板
300823.SZ,建科智能,专用机械,20200319,创业板
300851.SZ,交大思诺,运输设备,20200717,创业板
601077.SH,渝农商行,银行,20191029,主板
002930.SZ,宏川智慧,仓储物流,20180328,主板
002982.SZ,湘佳股份,农业综合,20200424,主板
601138.SH,工业富联,通信设备,20180608,主板
601615.SH,明阳智能,电气设备,20190123,主板
300782.SZ,卓胜微,半导体,20190618,创业板
301015.SZ,百洋医药,医药商业,20210630,创业板
603992.SH,松霖科技,家居用品,20190826,主板
300792.SZ,壹网壹创,互联网,20190927,创业板
002962.SZ,五方光电,元器件,20190917,主板
002984.SZ,森麒麟,汽车配件,20200911,主板
605299.SH,舒华体育,文教休闲,20201215,主板
002933.SZ,新兴装备,航空,20180828,主板
300790.SZ,宇瞳光学,元器件,20190920,创业板
002959.SZ,小熊电器,家用电器,20190823,主板
300796.SZ,贝斯美,农药化肥,20191115,创业板
603815.SH,交建股份,建筑工程,20191021,主板
603551.SH,奥普科技,家居用品,20200115,主板
601963.SH,重庆银行,银行,20210205,主板
002955.SZ,鸿合科技,IT设备,20190523,主板
603995.SH,甬金股份,特种钢,20191224,主板
300860.SZ,锋尚文化,文教休闲,20200824,创业板
603053.SH,成都燃气,供气供热,20191217,主板
300797.SZ,钢研纳克,电器仪表,20191101,创业板
300805.SZ,电声股份,广告包装,20191121,创业板
002963.SZ,豪尔赛,装修装饰,20191028,主板
300793.SZ,佳禾智能,IT设备,20191018,创业板
002973.SZ,侨银股份,环境保护,20200106,主板
003816.SZ,中国广核,新型电力,20190826,主板
603529.SH,爱玛科技,摩托车,20210615,主板
603489.SH,八方股份,电气设备,20191111,主板
300808.SZ,久量股份,家用电器,20191129,创业板
603390.SH,通达电气,汽车配件,20191125,主板
605368.SH,蓝天燃气,供气供热,20210129,主板
002969.SZ,嘉美包装,广告包装,20191202,主板
300869.SZ,康泰医学,医疗保健,20200824,创业板
300819.SZ,聚杰微纤,纺织,20200312,创业板
603719.SH,良品铺子,食品,20200224,主板
605339.SH,南侨食品,食品,20210518,主板
300802.SZ,矩子科技,专用机械,20191114,创业板
003043.SZ,华亚智能,半导体,20210406,主板
603950.SH,长源东谷,汽车配件,20200526,主板
002968.SZ,新大正,房产服务,20191203,主板
603610.SH,麒盛科技,家居用品,20191029,主板
301020.SZ,密封科技,汽车配件,20210706,创业板
300809.SZ,华辰装备,机床制造,20191204,创业板
002971.SZ,和远气体,化工原料,20200113,主板
601609.SH,金田股份,铜,20200422,主板
300825.SZ,阿尔特,汽车服务,20200327,创业板
603195.SH,公牛集团,家用电器,20200206,主板
605090.SH,九丰能源,供气供热,20210525,主板
300815.SZ,玉禾田,环境保护,20200123,创业板
002972.SZ,科安达,运输设备,20191227,主板
300816.SZ,艾可蓝,汽车配件,20200210,创业板
603290.SH,斯达半导,半导体,20200204,主板
603948.SH,建业股份,化工原料,20200302,主板
300858.SZ,科拓生物,食品,20200727,创业板
600956.SH,新天绿能,供气供热,20200629,主板
002980.SZ,华盛昌,电器仪表,20200415,主板
300830.SZ,金现代,软件服务,20200506,创业板
300826.SZ,测绘股份,建筑工程,20200403,创业板
300898.SZ,熊猫乳品,乳制品,20201016,创业板
605128.SH,上海沿浦,汽车配件,20200915,主板
300812.SZ,易天股份,专用机械,20200109,创业板
300821.SZ,东岳硅材,化工原料,20200312,创业板
300892.SZ,品渥食品,乳制品,20200924,创业板
300928.SZ,华安鑫创,汽车配件,20210106,创业板
300861.SZ,美畅股份,矿物制品,20200824,创业板
605289.SH,罗曼股份,建筑工程,20210426,主板
601696.SH,中银证券,证券,20200226,主板
002975.SZ,博杰股份,专用机械,20200205,主板
605111.SH,新洁能,半导体,20200928,主板
605358.SH,立昂微,半导体,20200911,主板
603221.SH,爱丽家居,家居用品,20200323,主板
300833.SZ,浩洋股份,专用机械,20200520,创业板
605198.SH,安德利,软饮料,20200918,主板
603439.SH,三力制药,中成药,20200428,主板
300840.SZ,酷特智能,服饰,20200708,创业板
300831.SZ,派瑞股份,半导体,20200507,创业板
002985.SZ,北摩高科,航空,20200429,主板
601975.SH,招商南油,水运,20190108,主板
605333.SH,沪光股份,汽车配件,20200818,主板
601827.SH,三峰环境,环境保护,20200605,主板
601778.SH,晶科科技,新型电力,20200519,主板
601702.SH,华峰铝业,铝,20200907,主板
605288.SH,凯迪股份,电气设备,20200601,主板
300836.SZ,佰奥智能,专用机械,20200528,创业板
002976.SZ,瑞玛精密,汽车配件,20200306,主板
001313.SZ,粤海饲料,饲料,20220216,主板
300842.SZ,帝科股份,电气设备,20200618,创业板
002983.SZ,芯瑞达,元器件,20200428,主板
300841.SZ,康华生物,生物制药,20200616,创业板
300838.SZ,浙江力诺,机械基件,20200608,创业板
601598.SH,中国外运,仓储物流,20190118,主板
300822.SZ,贝仕达克,元器件,20200313,创业板
003008.SZ,开普检测,电气设备,20200923,主板
688526.SH,科前生物,农业综合,20200922,科创板
688005.SH,容百科技,电气设备,20190722,科创板
688499.SH,利元亨,专用机械,20210701,科创板
688218.SH,江苏北人,专用机械,20191211,科创板
688116.SH,天奈科技,化工原料,20190925,科创板
688002.SH,睿创微纳,通信设备,20190722,科创板
688099.SH,晶晨股份,半导体,20190808,科创板
300843.SZ,胜蓝股份,元器件,20200702,创业板
002987.SZ,京北方,软件服务,20200507,主板
002993.SZ,奥海科技,元器件,20200817,主板
688007.SH,光峰科技,元器件,20190722,科创板
688088.SH,虹软科技,软件服务,20190722,科创板
688027.SH,国盾量子,通信设备,20200709,科创板
688278.SH,特宝生物,生物制药,20200117,科创板
688321.SH,XD微芯生,化学制药,20190812,科创板
688001.SH,华兴源创,专用机械,20190722,科创板
688288.SH,鸿泉技术,IT设备,20191106,科创板
688010.SH,福光股份,元器件,20190722,科创板
688036.SH,传音控股,通信设备,20190930,科创板
688015.SH,交控科技,运输设备,20190722,科创板
688568.SH,中科星图,软件服务,20200708,科创板
688039.SH,当虹科技,软件服务,20191211,科创板
688011.SH,新光光电,元器件,20190722,科创板
688019.SH,安集科技,半导体,20190722,科创板
688108.SH,赛诺医疗,医疗保健,20191030,科创板
688012.SH,中微公司,半导体,20190722,科创板
688008.SH,澜起科技,半导体,20190722,科创板
688158.SH,优刻得-W,软件服务,20200120,科创板
688097.SH,博众精工,专用机械,20210512,科创板
688123.SH,聚辰股份,半导体,20191223,科创板
688139.SH,海尔生物,医疗保健,20191025,科创板
688003.SH,天准科技,专用机械,20190722,科创板
688018.SH,乐鑫科技,半导体,20190722,科创板
688078.SH,龙软科技,软件服务,20191230,科创板
688513.SH,苑东生物,化学制药,20200902,科创板
603565.SH,中谷物流,水运,20200925,主板
605008.SH,长鸿高科,橡胶,20200821,主板
002986.SZ,宇新股份,化工原料,20200602,主板
603095.SH,越剑智能,纺织机械,20200415,主板
300846.SZ,首都在线,软件服务,20200701,创业板
688068.SH,热景生物,医疗保健,20190930,科创板
688100.SH,威胜信息,通信设备,20200121,科创板
688168.SH,安博通,软件服务,20190906,科创板
688333.SH,铂力特,机械基件,20190722,科创板
688166.SH,博瑞医药,化学制药,20191108,科创板
688030.SH,山石网科,软件服务,20190930,科创板
688023.SH,安恒信息,软件服务,20191105,科创板
688787.SH,海天瑞声,软件服务,20210813,科创板
688169.SH,石头科技,家用电器,20200221,科创板
688363.SH,华熙生物,医疗保健,20191106,科创板
688188.SH,柏楚电子,专用机械,20190808,科创板
688258.SH,卓易信息,软件服务,20191209,科创板
688186.SH,广大特材,特种钢,20200211,科创板
688133.SH,泰坦科技,化工原料,20201030,科创板
688016.SH,心脉医疗,医疗保健,20190722,科创板
605001.SH,威奥股份,运输设备,20200522,主板
605100.SH,华丰股份,机械基件,20200811,主板
688268.SH,华特气体,化工原料,20191226,科创板
688028.SH,沃尔德,机械基件,20190722,科创板
002988.SZ,豪美新材,铝,20200518,主板
002991.SZ,甘源食品,食品,20200731,主板
605188.SH,国光连锁,超市连锁,20200728,主板
688057.SH,金达莱,环境保护,20201111,科创板
688388.SH,嘉元科技,电气设备,20190722,科创板
688198.SH,佰仁医疗,医疗保健,20191209,科创板
688122.SH,西部超导,小金属,20190722,科创板
688389.SH,普门科技,医疗保健,20191105,科创板
688009.SH,中国通号,运输设备,20190722,科创板
688080.SH,映翰通,通信设备,20200212,科创板
689009.SH,九号公司-WD,摩托车,20201029,科创板
688366.SH,昊海生科,医疗保健,20191030,科创板
688199.SH,久日新材,化工原料,20191105,科创板
688178.SH,万德斯,环境保护,20200114,科创板
688006.SH,杭可科技,电气设备,20190722,科创板
688588.SH,凌志软件,软件服务,20200511,科创板
688300.SH,联瑞新材,矿物制品,20191115,科创板
688020.SH,方邦股份,元器件,20190722,科创板
688058.SH,宝兰德,软件服务,20191101,科创板
688025.SH,杰普特,专用机械,20191031,科创板
688029.SH,南微医学,医疗保健,20190722,科创板
688202.SH,美迪西,医疗保健,20191105,科创板
688098.SH,申联生物,农业综合,20191028,科创板
688368.SH,晶丰明源,半导体,20191014,科创板
300862.SZ,蓝盾光电,电器仪表,20200824,创业板
688101.SH,三达膜,环境保护,20191115,科创板
688299.SH,长阳科技,元器件,20191106,科创板
688656.SH,浩欧博,医疗保健,20210113,科创板
688369.SH,致远互联,软件服务,20191031,科创板
688233.SH,神工股份,半导体,20200221,科创板
688399.SH,硕世生物,医疗保健,20191205,科创板
300850.SZ,新强联,机械基件,20200713,创业板
605166.SH,聚合顺,化纤,20200618,主板
605050.SH,福然德,仓储物流,20200924,主板
605168.SH,三人行,互联网,20200528,主板
605389.SH,长龄液压,机械基件,20210322,主板
003009.SZ,中天火箭,航空,20200925,主板
605366.SH,宏柏新材,化工原料,20200812,主板
688196.SH,卓越新能,环境保护,20191121,科创板
688089.SH,嘉必优,食品,20191219,科创板
688021.SH,奥福科技,汽车配件,20191106,科创板
688357.SH,建龙微纳,化工原料,20191204,科创板
688126.SH,沪硅产业,半导体,20200420,科创板
688358.SH,祥生医疗,医疗保健,20191203,科创板
301372.SZ,科净源,环境保护,20230811,创业板
301237.SZ,和顺科技,塑料,20220323,创业板
688128.SH,中国电研,专用机械,20191105,科创板
688181.SH,八亿时空,元器件,20200106,科创板
688159.SH,有方科技,通信设备,20200123,科创板
688111.SH,金山办公,软件服务,20191118,科创板
688163.SH,赛伦生物,生物制药,20220311,科创板
688051.SH,佳华科技,软件服务,20200320,科创板
688298.SH,东方生物,医疗保健,20200205,科创板
688310.SH,迈得医疗,医疗保健,20191203,科创板
002990.SZ,盛视科技,软件服务,20200525,主板
605118.SH,力鼎光电,元器件,20200730,主板
300910.SZ,瑞丰新材,化工原料,20201127,创业板
300866.SZ,安克创新,元器件,20200824,创业板
300852.SZ,四会富仕,元器件,20200713,创业板
300863.SZ,卡倍亿,汽车配件,20200824,创业板
003027.SZ,同兴科技,环境保护,20201218,主板
605099.SH,共创草坪,文教休闲,20200930,主板
300871.SZ,回盛生物,农业综合,20200824,创业板
002998.SZ,优彩资源,化纤,20200925,主板
300855.SZ,图南股份,小金属,20200723,创业板
300856.SZ,科思股份,日用化工,20200722,创业板
688505.SH,复旦张江,化学制药,20200619,科创板
688599.SH,天合光能,电气设备,20200610,科创板
301073.SZ,君亭酒店,酒店餐饮,20210930,创业板
300885.SZ,海昌新材,机械基件,20200910,创业板
002997.SZ,瑞鹄模具,汽车配件,20200903,主板
003021.SZ,兆威机电,元器件,20201204,主板
688138.SH,清溢光电,半导体,20191120,科创板
003001.SZ,中岩大地,建筑工程,20201013,主板
605228.SH,神通科技,汽车配件,20210120,主板
300857.SZ,协创数据,IT设备,20200727,创业板
605388.SH,均瑶健康,乳制品,20200818,主板
605066.SH,天正电气,电气设备,20200807,主板
300978.SZ,东箭科技,汽车配件,20210426,创业板
605180.SH,华生科技,纺织,20210430,主板
605222.SH,起帆电缆,电气设备,20200731,主板
603408.SH,建霖家居,家居用品,20200730,主板
688466.SH,金科环境,环境保护,20200508,科创板
300889.SZ,爱克股份,电气设备,20200916,创业板
300875.SZ,捷强装备,专用机械,20200824,创业板
301172.SZ,君逸数码,软件服务,20230726,创业板
605009.SH,豪悦护理,造纸,20200911,主板
605169.SH,洪通燃气,供气供热,20201030,主板
605398.SH,新炬网络,软件服务,20210121,主板
300880.SZ,迦南智能,电器仪表,20200901,创业板
605116.SH,奥锐特,化学制药,20200921,主板
605318.SH,法狮龙,其他建材,20200803,主板
688069.SH,德林海,环境保护,20200722,科创板
688026.SH,洁特生物,医疗保健,20200122,科创板
688118.SH,普元信息,软件服务,20191204,科创板
688090.SH,瑞松科技,专用机械,20200217,科创板
688528.SH,秦川物联,电器仪表,20200701,科创板
605123.SH,派克新材,航空,20200825,主板
605399.SH,晨光新材,化工原料,20200804,主板
605003.SH,众望布艺,纺织,20200908,主板
605369.SH,拱东医疗,医疗保健,20200916,主板
003013.SZ,地铁设计,建筑工程,20201022,主板
601665.SH,齐鲁银行,银行,20210618,主板
003019.SZ,宸展光电,元器件,20201117,主板
301395.SZ,仁信新材,化工原料,20230703,创业板
301418.SZ,协昌科技,电气设备,20230821,创业板
300873.SZ,海晨股份,仓储物流,20200824,创业板
300901.SZ,中胤时尚,服饰,20201029,创业板
300870.SZ,欧陆通,电气设备,20200824,创业板
003022.SZ,联泓新科,化工原料,20201208,主板
605377.SH,华旺科技,造纸,20201228,主板
605500.SH,森林包装,造纸,20201222,主板
605218.SH,伟时电子,元器件,20200928,主板
688266.SH,泽璟制药-U,生物制药,20200123,科创板
688365.SH,光云科技,软件服务,20200429,科创板
300922.SZ,天秦装备,专用机械,20201225,创业板
300927.SZ,江天化学,化工原料,20210107,创业板
605177.SH,东亚药业,化学制药,20201125,主板
301220.SZ,亚香股份,化工原料,20220622,创业板
603102.SH,百合股份,医疗保健,20220125,主板
605133.SH,嵘泰股份,汽车配件,20210224,主板
300939.SZ,秋田微,元器件,20210128,创业板
605255.SH,天普股份,汽车配件,20200825,主板
300864.SZ,南大环境,环境保护,20200824,创业板
300952.SZ,恒辉安防,纺织,20210311,创业板
003000.SZ,劲仔食品,食品,20200914,主板
301199.SZ,迈赫股份,专用机械,20211207,创业板
688228.SH,开普云,软件服务,20200327,科创板
301007.SZ,德迈仕,汽车配件,20210616,创业板
300876.SZ,蒙泰高新,化纤,20200824,创业板
301051.SZ,信濠光电,元器件,20210827,创业板
601568.SH,北元化工,化工原料,20201020,主板
003011.SZ,海象新材,家居用品,20200930,主板
300941.SZ,创识科技,IT设备,20210209,创业板
300982.SZ,苏文电能,建筑工程,20210427,创业板
300933.SZ,中辰股份,电气设备,20210122,创业板
605007.SH,五洲特纸,造纸,20201110,主板
300931.SZ,通用电梯,运输设备,20210121,创业板
003005.SZ,竞业达,软件服务,20200922,主板
605077.SH,华康股份,食品,20210209,主板
605055.SH,迎丰股份,纺织,20210129,主板
003023.SZ,彩虹集团,家用电器,20201211,主板
003007.SZ,直真科技,软件服务,20200923,主板
605186.SH,健麾信息,专用机械,20201222,主板
003026.SZ,中晶科技,半导体,20201218,主板
603112.SH,华翔股份,机械基件,20200917,主板
605122.SH,四方新材,水泥,20210310,主板
300891.SZ,惠云钛业,化工原料,20200917,创业板
605338.SH,巴比食品,食品,20201012,主板
300900.SZ,广联航空,航空,20201029,创业板
300909.SZ,汇创达,元器件,20201118,创业板
300882.SZ,万胜智能,电器仪表,20200910,创业板
003028.SZ,振邦智能,元器件,20201228,主板
605268.SH,王力安防,家居用品,20210224,主板
300893.SZ,松原安全,汽车配件,20200924,创业板
300881.SZ,盛德鑫泰,钢加工,20200901,创业板
605179.SH,一鸣食品,乳制品,20201228,主板
300879.SZ,大叶股份,农用机械,20200901,创业板
601279.SH,英利汽车,汽车配件,20210415,主板
605337.SH,李子园,乳制品,20210208,主板
688566.SH,吉贝尔,化学制药,20200518,科创板
688189.SH,南新制药,化学制药,20200326,科创板
688165.SH,埃夫特-U,专用机械,20200715,科创板
688085.SH,三友医疗,医疗保健,20200409,科创板
688396.SH,华润微,半导体,20200227,科创板
688360.SH,德马科技,机械基件,20200602,科创板
688579.SH,地纬智能,软件服务,20200717,科创板
688518.SH,联赢激光,专用机械,20200622,科创板
688208.SH,道通科技,IT设备,20200213,科创板
688516.SH,奥特维,专用机械,20200521,科创板
688500.SH,慧辰股份,互联网,20200716,科创板
688081.SH,兴图新科,软件服务,20200106,科创板
300942.SZ,易瑞生物,医疗保健,20210209,创业板
603759.SH,海天股份,水务,20210326,主板
300932.SZ,三友联众,电气设备,20210122,创业板
300614.SZ,百川畅银,环境保护,20210525,创业板
301025.SZ,读客文化,出版业,20210719,创业板
603155.SH,新亚强,化工原料,20200901,主板
003015.SZ,日久光电,元器件,20201021,主板
605069.SH,正和生态,环境保护,20210816,主板
300923.SZ,研奥股份,运输设备,20201224,创业板
003029.SZ,吉大正元,软件服务,20201224,主板
605155.SH,西大门,家居用品,20201231,主板
605005.SH,合兴股份,汽车配件,20210119,主板
003017.SZ,大洋生物,化工原料,20201026,主板
601658.SH,邮储银行,银行,20191210,主板
301006.SZ,迈拓股份,电器仪表,20210607,创业板
605258.SH,协和电子,元器件,20201203,主板
300930.SZ,屹通新材,小金属,20210121,创业板
605060.SH,联德股份,机械基件,20210301,主板
003018.SZ,金富科技,塑料,20201106,主板
605117.SH,德业股份,电气设备,20210420,主板
300906.SZ,日月明,运输设备,20201105,创业板
605068.SH,明新旭腾,汽车配件,20201123,主板
605018.SH,长华集团,汽车配件,20200929,主板
605058.SH,澳弘电子,元器件,20201021,主板
300907.SZ,康平科技,电气设备,20201118,创业板
300872.SZ,天阳科技,软件服务,20200824,创业板
301068.SZ,大地海洋,环境保护,20210928,创业板
605277.SH,新亚电子,元器件,20210106,主板
300917.SZ,特发服务,房产服务,20201221,创业板
300905.SZ,宝丽迪,染料涂料,20201105,创业板
605298.SH,必得科技,运输设备,20210301,主板
605196.SH,华通线缆,电气设备,20210511,主板
603931.SH,格林达,化工原料,20200819,主板
605011.SH,杭州热电,供气供热,20210630,主板
301587.SZ,中瑞股份,电气设备,20240408,创业板
605378.SH,野马电池,电气设备,20210412,主板
605376.SH,博迁新材,小金属,20201208,主板
600916.SH,中国黄金,服饰,20210205,主板
300926.SZ,博俊科技,汽车配件,20210107,创业板
301021.SZ,英诺激光,专用机械,20210706,创业板
601686.SH,友发集团,钢加工,20201204,主板
301010.SZ,晶雪节能,其他建材,20210618,创业板
300937.SZ,药易购,医药商业,20210127,创业板
688096.SH,京源环保,环境保护,20200409,科创板
605319.SH,无锡振华,汽车配件,20210607,主板
605208.SH,永茂泰,铝,20210308,主板
601156.SH,东航物流,仓储物流,20210609,主板
300774.SZ,倍杰特,环境保护,20210804,创业板
605162.SH,新中港,供气供热,20210707,主板
601825.SH,沪农商行,银行,20210819,主板
003030.SZ,祖名股份,食品,20210106,主板
688339.SH,亿华通-U,汽车配件,20200810,科创板
688177.SH,百奥泰,生物制药,20200221,科创板
688222.SH,成都先导,化学制药,20200416,科创板
688318.SH,财富趋势,软件服务,20200427,科创板
688037.SH,芯源微,半导体,20191216,科创板
300999.SZ,金龙鱼,食品,20201015,创业板
688398.SH,赛特新材,矿物制品,20200211,科创板
688277.SH,天智航-U,医疗保健,20200707,科创板
688200.SH,华峰测控,半导体,20200218,科创板
688221.SH,前沿生物-U,生物制药,20201028,科创板
605305.SH,中际联合,工程机械,20210506,主板
605286.SH,同力天启,运输设备,20210322,主板
688567.SH,孚能科技,电气设备,20200717,科创板
688520.SH,神州细胞,生物制药,20200622,科创板
688521.SH,芯原股份,半导体,20200818,科创板
003031.SZ,中瓷电子,元器件,20210104,主板
688180.SH,君实生物-U,生物制药,20200715,科创板
688312.SH,燕麦科技,专用机械,20200608,科创板
605300.SH,佳禾食品,乳制品,20210430,主板
603171.SH,税友股份,软件服务,20210630,主板
688377.SH,迪威尔,专用机械,20200708,科创板
688488.SH,艾迪药业,生物制药,20200720,科创板
003039.SZ,顺控发展,水务,20210308,主板
300913.SZ,兆龙互连,通信设备,20201207,创业板
300884.SZ,狄耐克,IT设备,20201112,创业板
688598.SH,金博股份,矿物制品,20200518,科创板
688157.SH,松井股份,染料涂料,20200609,科创板
300986.SZ,志特新材,建筑工程,20210430,创业板
603324.SH,盛剑科技,环境保护,20210407,主板
688309.SH,恒誉环保,环境保护,20200714,科创板
601816.SH,京沪高铁,铁路,20200116,主板
688156.SH,路德科技,饲料,20200922,科创板
688336.SH,三生国健,生物制药,20200722,科创板
688286.SH,敏芯股份,半导体,20200810,科创板
688356.SH,键凯科技,化学制药,20200826,科创板
301299.SZ,卓创资讯,互联网,20221019,创业板
300921.SZ,南凌科技,互联网,20201222,创业板
688004.SH,博汇科技,软件服务,20200612,科创板
688558.SH,国盛智科,机床制造,20200630,科创板
688418.SH,震有科技,通信设备,20200722,科创板
688589.SH,力合微,半导体,20200722,科创板
300911.SZ,亿田智能,家用电器,20201203,创业板
300918.SZ,南山智尚,纺织,20201222,创业板
300940.SZ,南极光,元器件,20210203,创业板
688569.SH,铁科轨道,运输设备,20200831,科创板
688586.SH,江航装备,航空,20200731,科创板
001299.SZ,美能能源,供气供热,20221031,主板
605086.SH,龙高股份,矿物制品,20210416,主板
605287.SH,德才股份,装修装饰,20210706,主板
688077.SH,大地熊,矿物制品,20200722,科创板
688229.SH,博睿数据,软件服务,20200817,科创板
688065.SH,凯赛生物,化工原料,20200812,科创板
688050.SH,爱博医疗,医疗保健,20200729,科创板
605016.SH,百龙创园,食品,20210421,主板
300925.SZ,法本信息,软件服务,20201230,创业板
300920.SZ,润阳科技,塑料,20201225,创业板
688106.SH,金宏气体,化工原料,20200616,科创板
300903.SZ,科翔股份,元器件,20201105,创业板
688379.SH,华光新材,机械基件,20200819,科创板
688580.SH,伟思医疗,医疗保健,20200721,科创板
688060.SH,云涌科技,IT设备,20200710,科创板
300977.SZ,深圳瑞捷,建筑工程,20210420,创业板
600906.SH,财达证券,证券,20210507,主板
300950.SZ,德固特,专用机械,20210303,创业板
688508.SH,芯朋微,半导体,20200722,科创板
688600.SH,皖仪科技,电器仪表,20200703,科创板
688602.SH,康鹏科技,化工原料,20230720,科创板
688311.SH,盟升电子,元器件,20200731,科创板
688390.SH,固德威,电气设备,20200904,科创板
688155.SH,先惠技术,电气设备,20200811,科创板
688577.SH,浙海德曼,机床制造,20200916,科创板
688556.SH,高测股份,专用机械,20200807,科创板
688585.SH,上纬新材,化工原料,20200928,科创板
688338.SH,赛科希德,医疗保健,20200806,科创板
688590.SH,新致软件,软件服务,20201207,科创板
688393.SH,安必平,医疗保健,20200820,科创板
300948.SZ,冠中生态,环境保护,20210225,创业板
605080.SH,浙江自然,文教休闲,20210506,主板
300916.SZ,朗特智能,元器件,20201202,创业板
003037.SZ,三和管桩,水泥,20210204,主板
605028.SH,世茂能源,供气供热,20210712,主板
300998.SZ,宁波方正,专用机械,20210602,创业板
300895.SZ,铜牛信息,软件服务,20200924,创业板
688056.SH,莱伯泰科,电器仪表,20200902,科创板
688819.SH,天能股份,电气设备,20210118,科创板
688559.SH,海目星,专用机械,20200909,科创板
605589.SH,圣泉集团,化工原料,20210810,主板
301081.SZ,严牌股份,环境保护,20211020,创业板
301024.SZ,霍普股份,建筑工程,20210728,创业板
300961.SZ,深水海纳,环境保护,20210330,创业板
301116.SZ,益客食品,食品,20220118,创业板
605089.SH,味知香,食品,20210427,主板
600032.SH,浙江新能,新型电力,20210525,主板
300965.SZ,恒宇信通,航空,20210402,创业板
688055.SH,龙腾光电,元器件,20200817,科创板
688215.SH,瑞晟智能,专用机械,20200828,科创板
688335.SH,复洁科技,环境保护,20200817,科创板
688185.SH,康希诺,生物制药,20200813,科创板
300947.SZ,德必集团,房产服务,20210210,创业板
688289.SH,圣湘生物,医疗保健,20200828,科创板
688519.SH,南亚新材,元器件,20200818,科创板
688550.SH,瑞联新材,化工原料,20200902,科创板
688301.SH,奕瑞科技,医疗保健,20200918,科创板
688095.SH,福昕软件,软件服务,20200908,科创板
688330.SH,宏力达,电气设备,20201015,科创板
688313.SH,仕佳光子,通信设备,20200812,科创板
688777.SH,中控技术,专用机械,20201124,科创板
688256.SH,寒武纪,半导体,20200720,科创板
688127.SH,蓝特光学,元器件,20200921,科创板
300972.SZ,万辰集团,食品,20210419,创业板
003035.SZ,南网能源,新型电力,20210119,主板
688595.SH,芯海科技,半导体,20200928,科创板
688551.SH,科威尔,专用机械,20200910,科创板
688383.SH,新益昌,专用机械,20210428,科创板
688093.SH,世华科技,化工原料,20200930,科创板
600905.SH,三峡能源,新型电力,20210610,主板
600935.SH,华塑股份,化工原料,20211126,主板
300946.SZ,恒而达,机械基件,20210208,创业板
688386.SH,泛亚微透,化工原料,20201016,科创板
688408.SH,中信博,电气设备,20200828,科创板
688316.SH,青云科技-U,软件服务,20210316,科创板
688596.SH,正帆科技,专用机械,20200820,科创板
688378.SH,奥来德,专用机械,20200903,科创板
688659.SH,元琛科技,环境保护,20210331,科创板
688083.SH,中望软件,软件服务,20210311,科创板
688129.SH,东来技术,染料涂料,20201023,科创板
688017.SH,绿的谐波,机械基件,20200828,科创板
688581.SH,安杰思,医疗保健,20230519,科创板
688529.SH,豪森智能,专用机械,20201109,科创板
688578.SH,艾力斯,化学制药,20201202,科创板
688308.SH,欧科亿,机械基件,20201210,科创板
688013.SH,天臣医疗,医疗保健,20200928,科创板
688135.SH,利扬芯片,半导体,20201111,科创板
300964.SZ,本川智能,元器件,20210805,创业板
301002.SZ,崧盛股份,电气设备,20210607,创业板
301171.SZ,易点天下,互联网,20220819,创业板
301023.SZ,奕帆传动,电气设备,20210707,创业板
301036.SZ,双乐股份,染料涂料,20210729,创业板
301011.SZ,华立科技,文教休闲,20210617,创业板
301029.SZ,怡合达,专用机械,20210723,创业板
300967.SZ,晓鸣股份,农业综合,20210413,创业板
688536.SH,思瑞浦,半导体,20200921,科创板
688160.SH,步科股份,电器仪表,20201112,科创板
688070.SH,纵横股份,航空,20210210,科创板
688608.SH,恒玄科技,半导体,20201216,科创板
688617.SH,XD惠泰医,医疗保健,20210107,科创板
688575.SH,亚辉龙,医疗保健,20210517,科创板
688557.SH,兰剑智能,专用机械,20201202,科创板
605499.SH,东鹏饮料,软饮料,20210527,主板
300993.SZ,玉马科技,家居用品,20210524,创业板
300956.SZ,英力股份,元器件,20210326,创业板
300997.SZ,欢乐家,软饮料,20210602,创业板
605189.SH,富春染织,纺织,20210528,主板
300951.SZ,博硕科技,元器件,20210226,创业板
688328.SH,深科达,专用机械,20210309,科创板
688219.SH,会通股份,塑料,20201118,科创板
688677.SH,海泰新光,医疗保健,20210226,科创板
688092.SH,爱科科技,专用机械,20210319,科创板
688699.SH,明微电子,半导体,20201218,科创板
688179.SH,阿拉丁,化学制药,20201026,科创板
688195.SH,腾景科技,元器件,20210326,科创板
688668.SH,鼎通科技,通信设备,20201221,科创板
688658.SH,悦康药业,化学制药,20201224,科创板
688665.SH,四方光电,电器仪表,20210209,科创板
688698.SH,伟创电气,电气设备,20201229,科创板
300919.SZ,中伟新材,电气设备,20201223,创业板
301000.SZ,肇民科技,汽车配件,20210528,创业板
301190.SZ,善水科技,染料涂料,20211224,创业板
301182.SZ,凯旺科技,元器件,20211223,创业板
300975.SZ,商络电子,元器件,20210421,创业板
300973.SZ,立高食品,食品,20210415,创业板
300955.SZ,嘉亨家化,日用化工,20210324,创业板
300966.SZ,共同药业,化学制药,20210409,创业板
688510.SH,航亚科技,航空,20201216,科创板
688779.SH,五矿新能,电气设备,20210811,科创板
688739.SH,成大生物,生物制药,20211028,科创板
688669.SH,聚石化学,化工原料,20210125,科创板
688696.SH,极米科技,家用电器,20210303,科创板
688788.SH,科思科技,通信设备,20201022,科创板
003040.SZ,楚天龙,通信设备,20210322,主板
300959.SZ,线上线下,电信运营,20210322,创业板
688571.SH,杭华股份,染料涂料,20201211,科创板
688561.SH,奇安信-U,软件服务,20200722,科创板
688560.SH,明冠新材,电气设备,20201224,科创板
688136.SH,科兴制药,生物制药,20201214,科创板
688191.SH,智洋创新,软件服务,20210408,科创板
688676.SH,金盘科技,电气设备,20210309,科创板
688109.SH,品茗科技,软件服务,20210330,科创板
688079.SH,美迪凯,元器件,20210302,科创板
688607.SH,康众医疗,医疗保健,20210201,科创板
688630.SH,芯碁微装,专用机械,20210401,科创板
688350.SH,富淼科技,化工原料,20210128,科创板
688619.SH,罗普特,软件服务,20210223,科创板
688680.SH,海优新材,塑料,20210122,科创板
688679.SH,通源环境,环境保护,20201225,科创板
601995.SH,中金公司,证券,20201102,主板
688686.SH,奥普特,电器仪表,20201231,科创板
688678.SH,福立旺,元器件,20201223,科创板
688616.SH,西力科技,电器仪表,20210318,科创板
003038.SZ,鑫铂股份,铝,20210210,主板
001206.SZ,依依股份,造纸,20210518,主板
605507.SH,国邦医药,化学制药,20210802,主板
605056.SH,咸亨国际,电器仪表,20210720,主板
688618.SH,三旺通信,通信设备,20201230,科创板
688628.SH,优利德,电器仪表,20210201,科创板
688689.SH,银河微电,半导体,20210127,科创板
688067.SH,爱威科技,医疗保健,20210616,科创板
688131.SH,皓元医药,化学制药,20210608,科创板
688687.SH,凯因科技,生物制药,20210208,科创板
688063.SH,派能科技,电气设备,20201230,科创板
688305.SH,科德数控,机床制造,20210709,科创板
688183.SH,生益电子,元器件,20210225,科创板
688606.SH,奥泰生物,医疗保健,20210325,科创板
601399.SH,国机重装,工程机械,20200608,主板
688082.SH,盛美上海,半导体,20211118,科创板
688171.SH,纬德信息,软件服务,20220127,科创板
688317.SH,之江生物,医疗保健,20210118,科创板
688633.SH,星球石墨,专用机械,20210324,科创板
688626.SH,翔宇医疗,医疗保健,20210331,科创板
688981.SH,中芯国际,半导体,20200716,科创板
688636.SH,智明达,元器件,20210408,科创板
688329.SH,艾隆科技,专用机械,20210329,科创板
688661.SH,和林微纳,元器件,20210329,科创板
688075.SH,安旭生物,医疗保健,20211118,科创板
688609.SH,九联科技,家用电器,20210323,科创板
688315.SH,诺禾致源,医疗保健,20210413,科创板
688667.SH,菱电电控,汽车配件,20210312,科创板
605020.SH,永和股份,化工原料,20210709,主板
688625.SH,呈和科技,化工原料,20210607,科创板
688468.SH,科美诊断,医疗保健,20210409,科创板
688345.SH,博力威,电气设备,20210611,科创板
688314.SH,康拓医疗,医疗保健,20210518,科创板
688733.SH,壹石通,矿物制品,20210817,科创板
688639.SH,华恒生物,化学制药,20210422,科创板
688565.SH,力源科技,环境保护,20210513,科创板
688662.SH,富信科技,元器件,20210401,科创板
688226.SH,威腾电气,电气设备,20210707,科创板
688260.SH,昀冢科技,元器件,20210406,科创板
688161.SH,威高骨科,医疗保健,20210630,科创板
003042.SZ,中农联合,农药化肥,20210406,主板
605566.SH,福莱蒽特,染料涂料,20211025,主板
603216.SH,梦天家居,家居用品,20211215,主板
688789.SH,宏华数科,专用机械,20210708,科创板
688425.SH,铁建重工,工程机械,20210622,科创板
688683.SH,莱尔科技,元器件,20210412,科创板
688533.SH,上声电子,汽车配件,20210419,科创板
688682.SH,霍莱沃,软件服务,20210420,科创板
688690.SH,纳微科技,化工原料,20210623,科创板
688148.SH,芳源股份,电气设备,20210806,科创板
688517.SH,金冠电气,电气设备,20210618,科创板
688132.SH,邦彦技术,通信设备,20220923,科创板
688269.SH,凯立新材,化工原料,20210609,科创板
688456.SH,有研粉材,铜,20210317,科创板
688660.SH,电气风电,电气设备,20210519,科创板
688611.SH,杭州柯林,电气设备,20210412,科创板
688613.SH,奥精医疗,医疗保健,20210521,科创板
688584.SH,上海合晶,半导体,20240208,科创板
605365.SH,立达信,家用电器,20210720,主板
001215.SZ,千味央厨,食品,20210906,主板
605488.SH,福莱新材,塑料,20210513,主板
301181.SZ,标榜股份,汽车配件,20220221,创业板
001207.SZ,联科科技,化工原料,20210623,主板
605167.SH,利柏特,建筑工程,20210726,主板
601921.SH,浙版传媒,出版业,20210723,主板
001202.SZ,炬申股份,仓储物流,20210429,主板
688501.SH,青达环保,环境保护,20210716,科创板
688147.SH,微导纳米,专用机械,20221223,科创板
688280.SH,精进电动-W,汽车配件,20211027,科创板
688663.SH,新风光,电气设备,20210413,科创板
688217.SH,睿昂基因,医疗保健,20210517,科创板
688395.SH,正弦电气,机械基件,20210429,科创板
688112.SH,鼎阳科技,电器仪表,20211201,科创板
688319.SH,欧林生物,生物制药,20210608,科创板
688059.SH,华锐精密,机械基件,20210208,科创板
688117.SH,圣诺生物,生物制药,20210603,科创板
688239.SH,航宇科技,航空,20210705,科创板
688793.SH,倍轻松,家用电器,20210715,科创板
688799.SH,华纳药厂,化学制药,20210713,科创板
688216.SH,气派科技,半导体,20210623,科创板
688323.SH,瑞华泰,塑料,20210428,科创板
603511.SH,爱慕股份,服饰,20210531,主板
605259.SH,绿田机械,农用机械,20210615,主板
001269.SZ,欧晶科技,矿物制品,20220930,主板
688681.SH,科汇股份,电气设备,20210616,科创板
688113.SH,联测科技,专用机械,20210506,科创板
688700.SH,东威科技,专用机械,20210615,科创板
688509.SH,正元地信,软件服务,20210730,科创板
688786.SH,悦安新材,小金属,20210826,科创板
688685.SH,迈信林,航空,20210513,科创板
688227.SH,品高股份,软件服务,20211230,科创板
688182.SH,灿勤科技,通信设备,20211116,科创板
688355.SH,明志科技,机械基件,20210512,科创板
300983.SZ,尤安设计,建筑工程,20210420,创业板
301022.SZ,海泰科,专用机械,20210702,创业板
301037.SZ,保立佳,染料涂料,20210730,创业板
300985.SZ,致远新能,汽车配件,20210429,创业板
301052.SZ,果麦文化,出版业,20210830,创业板
301016.SZ,雷尔伟,运输设备,20210630,创业板
300995.SZ,奇德新材,塑料,20210526,创业板
300984.SZ,金沃股份,机械基件,20210618,创业板
001205.SZ,盛航股份,水运,20210513,主板
001213.SZ,中铁特货,铁路,20210908,主板
001219.SZ,青岛食品,食品,20211021,主板
001212.SZ,中旗新材,其他建材,20210823,主板
600955.SH,维远股份,化工原料,20210915,主板
603107.SH,上海汽配,汽车配件,20231101,主板
001217.SZ,华尔泰,化工原料,20210929,主板
605588.SH,冠石科技,元器件,20210812,主板
605555.SH,德昌股份,家用电器,20211021,主板
605598.SH,上海港湾,建筑工程,20210917,主板
001211.SZ,双枪科技,家居用品,20210805,主板
605138.SH,盛泰集团,服饰,20211027,主板
001288.SZ,运机集团,专用机械,20211101,主板
001208.SZ,华菱线缆,电气设备,20210624,主板
603836.SH,海程邦达,仓储物流,20210526,主板
001209.SZ,洪兴股份,服饰,20210723,主板
605580.SH,恒盛能源,供气供热,20210819,主板
300969.SZ,恒帅股份,汽车配件,20210412,创业板
301069.SZ,凯盛新材,化工原料,20210927,创业板
301033.SZ,迈普医学,医疗保健,20210726,创业板
301169.SZ,零点有数,文教休闲,20211103,创业板
300976.SZ,达瑞电子,元器件,20210419,创业板
301099.SZ,雅创电子,元器件,20211122,创业板
301093.SZ,华兰股份,医疗保健,20211101,创业板
300979.SZ,华利集团,服饰,20210426,创业板
301027.SZ,华蓝集团,建筑工程,20210715,创业板
301009.SZ,可靠股份,造纸,20210617,创业板
301043.SZ,绿岛风,机械基件,20210811,创业板
300990.SZ,同飞股份,专用机械,20210512,创业板
301059.SZ,金三江,化工原料,20210913,创业板
301013.SZ,利和兴,专用机械,20210629,创业板
300957.SZ,贝泰妮,日用化工,20210325,创业板
301001.SZ,凯淳股份,互联网,20210528,创业板
300989.SZ,蕾奥规划,建筑工程,20210507,创业板
301066.SZ,万事利,纺织,20210922,创业板
301004.SZ,嘉益股份,家居用品,20210625,创业板
300854.SZ,中兰环保,环境保护,20210916,创业板
301198.SZ,喜悦智行,塑料,20211202,创业板
300992.SZ,泰福泵业,机械基件,20210525,创业板
301077.SZ,星华新材,化工原料,20210930,创业板
300980.SZ,祥源新材,塑料,20210421,创业板
300844.SZ,山水比德,建筑工程,20210813,创业板
301065.SZ,本立科技,化学制药,20210914,创业板
301082.SZ,久盛电气,电气设备,20211027,创业板
301055.SZ,张小泉,家居用品,20210906,创业板
301040.SZ,中环海陆,机械基件,20210803,创业板
301019.SZ,宁波色母,塑料,20210628,创业板
301067.SZ,显盈科技,元器件,20210922,创业板
301070.SZ,开勒股份,机械基件,20210923,创业板
301061.SZ,匠心家居,家居用品,20210913,创业板
688728.SH,格科微,半导体,20210818,科创板
301336.SZ,趣睡科技,家居用品,20220812,创业板
301003.SZ,江苏博云,塑料,20210601,创业板
301152.SZ,天力锂能,小金属,20220829,创业板
301060.SZ,兰卫医学,医疗保健,20210913,创业板
300991.SZ,创益通,元器件,20210520,创业板
300814.SZ,中富电路,元器件,20210812,创业板
301185.SZ,鸥玛软件,软件服务,20211119,创业板
301120.SZ,新特电气,电气设备,20220419,创业板
301108.SZ,洁雅股份,日用化工,20211203,创业板
301159.SZ,三维天地,软件服务,20220107,创业板
300988.SZ,津荣天宇,机械基件,20210512,创业板
301118.SZ,恒光股份,化工原料,20211118,创业板
300971.SZ,博亚精工,机械基件,20210415,创业板
301031.SZ,中熔电气,电气设备,20210715,创业板
301049.SZ,超越科技,环境保护,20210824,创业板
301072.SZ,中捷精工,汽车配件,20210929,创业板
301089.SZ,拓新药业,化学制药,20211027,创业板
301085.SZ,亚康股份,软件服务,20211018,创业板
301078.SZ,孩子王,其他商业,20211014,创业板
301129.SZ,瑞纳智能,电器仪表,20211102,创业板
688071.SH,华依科技,专用机械,20210729,科创板
301231.SZ,荣信文化,出版业,20220908,创业板
301012.SZ,扬电科技,电气设备,20210622,创业板
301149.SZ,隆华新材,化工原料,20211110,创业板
301057.SZ,汇隆新材,化纤,20210909,创业板
301005.SZ,超捷股份,汽车配件,20210601,创业板
301053.SZ,远信工业,专用机械,20210901,创业板
301133.SZ,金钟股份,汽车配件,20211126,创业板
301128.SZ,强瑞技术,专用机械,20211110,创业板
301008.SZ,宏昌科技,家用电器,20210611,创业板
301041.SZ,金百泽,元器件,20210811,创业板
301119.SZ,正强股份,汽车配件,20211122,创业板
301056.SZ,森赫股份,运输设备,20210907,创业板
301087.SZ,可孚医疗,医疗保健,20211025,创业板
301126.SZ,达嘉维康,医药商业,20211207,创业板
301188.SZ,力诺药包,玻璃,20211111,创业板
301193.SZ,家联科技,家居用品,20211209,创业板
301038.SZ,深水规院,建筑工程,20210804,创业板
301362.SZ,民爆光电,电气设备,20230804,创业板
688601.SH,力芯微,半导体,20210628,科创板
301101.SZ,明月镜片,文教休闲,20211216,创业板
688087.SH,英科再生,环境保护,20210709,科创板
301071.SZ,力量钻石,矿物制品,20210924,创业板
301345.SZ,涛涛车业,摩托车,20230321,创业板
301058.SZ,中粮科工,建筑工程,20210909,创业板
301259.SZ,艾布鲁,环境保护,20220426,创业板
301083.SZ,百胜智能,专用机械,20211021,创业板
301166.SZ,优宁维,医药商业,20211228,创业板
301050.SZ,雷电微力,航空,20210824,创业板
301234.SZ,五洲医疗,医疗保健,20220705,创业板
301398.SZ,星源卓镁,汽车配件,20221215,创业板
301370.SZ,国科恒泰,医药商业,20230712,创业板
301298.SZ,东利机械,汽车配件,20220606,创业板
301032.SZ,新柴股份,工程机械,20210722,创业板
301103.SZ,何氏眼科,医疗保健,20220322,创业板
301100.SZ,风光股份,化工原料,20211217,创业板
301112.SZ,信邦智能,专用机械,20220629,创业板
688655.SH,迅捷兴,元器件,20210511,科创板
688232.SH,新点软件,软件服务,20211117,科创板
301090.SZ,华润材料,化工原料,20211026,创业板
301186.SZ,超达装备,专用机械,20211223,创业板
301180.SZ,万祥科技,元器件,20211116,创业板
301091.SZ,深城交,建筑工程,20211029,创业板
301039.SZ,中集车辆,汽车整车,20210708,创业板
301239.SZ,普瑞眼科,医疗保健,20220705,创业板
301138.SZ,华研精机,专用机械,20211215,创业板
301079.SZ,邵阳液压,机械基件,20211019,创业板
300994.SZ,久祺股份,文教休闲,20210812,创业板
301178.SZ,天亿马,软件服务,20211112,创业板
301088.SZ,戎美股份,服饰,20211028,创业板
301267.SZ,华厦眼科,医疗保健,20221107,创业板
301111.SZ,粤万年青,中成药,20211207,创业板
301045.SZ,天禄科技,元器件,20210813,创业板
688766.SH,普冉股份,半导体,20210823,科创板
688778.SH,厦钨新能,电气设备,20210805,科创板
688502.SH,茂莱光学,元器件,20230309,科创板
688597.SH,煜邦电力,电器仪表,20210617,科创板
688091.SH,上海谊众,化学制药,20210909,科创板
301046.SZ,能辉科技,建筑工程,20210817,创业板
301092.SZ,争光股份,化工原料,20211102,创业板
688359.SH,三孚新科,化工原料,20210521,科创板
688276.SH,百克生物,生物制药,20210625,科创板
301148.SZ,嘉戎技术,环境保护,20220421,创业板
688538.SH,和辉光电-U,半导体,20210528,科创板
301047.SZ,义翘神州,生物制药,20210816,创业板
688621.SH,阳光诺和,医疗保健,20210621,科创板
688246.SH,嘉和美康,软件服务,20211214,科创板
688367.SH,工大高科,运输设备,20210628,科创板
605599.SH,菜百股份,服饰,20210909,主板
688038.SH,中科通达,软件服务,20210713,科创板
688303.SH,大全能源,电气设备,20210722,科创板
688306.SH,均普智能,专用机械,20220322,科创板
301131.SZ,聚赛龙,塑料,20220314,创业板
688718.SH,唯赛勃,塑料,20210728,科创板
688110.SH,东芯股份,半导体,20211210,科创板
301296.SZ,新巨丰,广告包装,20220902,创业板
688376.SH,美埃科技,专用机械,20221118,科创板
301121.SZ,紫建电子,电气设备,20220808,创业板
301063.SZ,海锅股份,电气设备,20210924,创业板
688701.SH,卓锦股份,环境保护,20210916,科创板
301228.SZ,实朴检测,电器仪表,20220128,创业板
688716.SH,中研股份,化工原料,20230920,科创板
688798.SH,艾为电子,半导体,20210816,科创板
688385.SH,复旦微电,半导体,20210804,科创板
301331.SZ,恩威医药,中成药,20220921,创业板
301160.SZ,翔楼新材,机械基件,20220606,创业板
301219.SZ,腾远钴业,小金属,20220317,创业板
301102.SZ,兆讯传媒,广告包装,20220328,创业板
301075.SZ,多瑞医药,化学制药,20210929,创业板
301213.SZ,观想科技,软件服务,20211206,创业板
301187.SZ,欧圣电气,家用电器,20220422,创业板
301232.SZ,飞沃科技,机械基件,20230615,创业板
603213.SH,镇洋发展,化工原料,20211111,主板
688296.SH,和达科技,软件服务,20210727,科创板
301080.SZ,百普赛斯,生物制药,20211018,创业板
301123.SZ,奕东电子,元器件,20220125,创业板
301048.SZ,金鹰重工,运输设备,20210818,创业板
688722.SH,同益中,化纤,20211019,科创板
688767.SH,博拓生物,医疗保健,20210908,科创板
301222.SZ,浙江恒威,电气设备,20220309,创业板
301177.SZ,迪阿股份,服饰,20211215,创业板
688776.SH,国光电气,元器件,20210831,科创板
688511.SH,天微电子,元器件,20210730,科创板
301201.SZ,诚达药业,生物制药,20220120,创业板
301211.SZ,亨迪药业,化学制药,20211222,创业板
301086.SZ,鸿富瀚,元器件,20211020,创业板
301257.SZ,普蕊斯,医疗保健,20220517,创业板
688120.SH,华海清科,半导体,20220608,科创板
301167.SZ,建研设计,建筑工程,20211206,创业板
301179.SZ,泽宇智能,软件服务,20211208,创业板
688768.SH,容知日新,电器仪表,20210726,科创板
688486.SH,龙迅股份,半导体,20230221,科创板
688670.SH,金迪克,生物制药,20210802,科创板
605577.SH,龙版传媒,出版业,20210824,主板
301382.SZ,蜂助手,互联网,20230517,创业板
688257.SH,新锐股份,机械基件,20211027,科创板
301110.SZ,青木科技,互联网,20220311,创业板
688772.SH,珠海冠宇,电气设备,20211015,科创板
301158.SZ,德石股份,专用机械,20220117,创业板
300834.SZ,星辉环材,化工原料,20220113,创业板
301113.SZ,雅艺科技,家居用品,20211222,创业板
301265.SZ,华新科技,环境保护,20221216,创业板
301150.SZ,中一科技,电气设备,20220421,创业板
301096.SZ,百诚医药,医疗保健,20211220,创业板
301127.SZ,武汉天源,环境保护,20211230,创业板
301136.SZ,招标股份,建筑工程,20220111,创业板
605033.SH,美邦股份,农药化肥,20210916,主板
301339.SZ,通行宝,IT设备,20220909,创业板
301196.SZ,唯科科技,专用机械,20220111,创业板
301162.SZ,国能日新,软件服务,20220429,创业板
688211.SH,中科微至,专用机械,20211026,科创板
301338.SZ,凯格精机,专用机械,20220816,创业板
301155.SZ,海力风电,电气设备,20211124,创业板
301117.SZ,佳缘科技,软件服务,20220117,创业板
688259.SH,创耀科技,半导体,20220112,科创板
301189.SZ,奥尼电子,IT设备,20211228,创业板
301217.SZ,铜冠铜箔,元器件,20220127,创业板
688255.SH,凯尔达,机械基件,20211025,科创板
688553.SH,汇宇制药-W,化学制药,20211026,科创板
688327.SH,云从科技-UW,软件服务,20220527,科创板
301248.SZ,杰创智能,软件服务,20220420,创业板
301207.SZ,华兰疫苗,生物制药,20220218,创业板
301135.SZ,瑞德智能,元器件,20220412,创业板
605567.SH,春雪食品,食品,20211013,主板
688114.SH,华大智造,医疗保健,20220909,科创板
301233.SZ,盛帮股份,汽车配件,20220706,创业板
301439.SZ,泓淋电力,电气设备,20230317,创业板
688343.SH,云天励飞-U,软件服务,20230404,科创板
001317.SZ,三羊马,铁路,20211130,主板
001234.SZ,泰慕士,服饰,20220111,主板
603280.SH,南方路机,工程机械,20221108,主板
301109.SZ,军信股份,环境保护,20220413,创业板
603071.SH,物产环能,批发业,20211216,主板
301212.SZ,联盛化学,化工原料,20220419,创业板
688220.SH,翱捷科技-U,半导体,20220114,科创板
301282.SZ,金禄电子,元器件,20220826,创业板
301330.SZ,熵基科技,IT设备,20220817,创业板
688103.SH,国力电子,元器件,20210910,科创板
688282.SH,理工导航,通信设备,20220318,科创板
688062.SH,迈威生物-U,生物制药,20220118,科创板
301500.SZ,飞南资源,环境保护,20230921,创业板
688265.SH,南模生物,医疗保健,20211228,科创板
688800.SH,瑞可达,元器件,20210722,科创板
301165.SZ,锐捷网络,通信设备,20221121,创业板
301216.SZ,万凯新材,化工原料,20220329,创业板
301381.SZ,赛维时代,互联网,20230712,创业板
301163.SZ,宏德股份,电气设备,20220419,创业板
601956.SH,东贝集团,家用电器,20201225,主板
688119.SH,中钢洛耐,其他建材,20220606,科创板
688285.SH,高铁电气,运输设备,20211020,科创板
301206.SZ,三元生物,食品,20220210,创业板
688711.SH,宏微科技,半导体,20210901,科创板
688236.SH,春立医疗,医疗保健,20211230,科创板
301122.SZ,采纳股份,医疗保健,20220126,创业板
688102.SH,斯瑞新材,铜,20220316,科创板
688105.SH,诺唯赞,生物制药,20211115,科创板
301256.SZ,华融化学,化工原料,20220322,创业板
301313.SZ,凡拓数创,文教休闲,20220930,创业板
688212.SH,澳华内镜,医疗保健,20211115,科创板
688151.SH,华强科技,医疗保健,20211206,科创板
301229.SZ,纽泰格,汽车配件,20220222,创业板
301373.SZ,凌玮科技,化工原料,20230208,创业板
688162.SH,巨一科技,专用机械,20211110,科创板
301268.SZ,铭利达,机械基件,20220407,创业板
688210.SH,统联精密,元器件,20211227,科创板
301218.SZ,华是科技,软件服务,20220307,创业板
301279.SZ,金道科技,工程机械,20220413,创业板
301238.SZ,瑞泰新材,化工原料,20220617,创业板
301137.SZ,哈焊华通,机械基件,20220322,创业板
301227.SZ,森鹰窗业,家居用品,20220926,创业板
301125.SZ,腾亚精工,机械基件,20220608,创业板
301175.SZ,中科环保,环境保护,20220708,创业板
688032.SH,禾迈股份,电气设备,20211220,科创板
688187.SH,时代电气,运输设备,20210907,科创板
688262.SH,国芯科技,半导体,20220106,科创板
688737.SH,中自科技,汽车配件,20211022,科创板
301106.SZ,骏成科技,元器件,20220128,创业板
301293.SZ,三博脑科,医疗保健,20230505,创业板
301215.SZ,中汽股份,汽车服务,20220308,创业板
301366.SZ,一博科技,元器件,20220926,创业板
301235.SZ,华康洁净,医疗保健,20220128,创业板
301349.SZ,信德新材,化工原料,20220909,创业板
688049.SH,炬芯科技,半导体,20211129,科创板
603122.SH,合富中国,医药商业,20220216,主板
688697.SH,纽威数控,机床制造,20210917,科创板
301276.SZ,嘉曼服饰,服饰,20220909,创业板
301221.SZ,光庭信息,软件服务,20211222,创业板
301367.SZ,瑞迈特,医疗保健,20221101,创业板
301270.SZ,汉仪股份,软件服务,20220831,创业板
301161.SZ,唯万密封,工程机械,20220914,创业板
301262.SZ,海看股份,影视音像,20230620,创业板
688707.SH,振华新材,电气设备,20210914,科创板
688272.SH,富吉瑞,元器件,20211018,科创板
688121.SH,卓然股份,专用机械,20210906,科创板
688235.SH,百济神州,生物制药,20211215,科创板
003041.SZ,真爱美家,纺织,20210406,主板
603230.SH,内蒙新华,出版业,20211224,主板
301107.SZ,瑜欣电子,机械基件,20220524,创业板
688167.SH,炬光科技,元器件,20211224,科创板
301236.SZ,软通动力,软件服务,20220315,创业板
600927.SH,永安期货,多元金融,20211223,主板
603176.SH,汇通集团,建筑工程,20211231,主板
603048.SH,浙江黎明,汽车配件,20211116,主板
301319.SZ,唯特偶,元器件,20220929,创业板
301300.SZ,远翔新材,化工原料,20220819,创业板
301230.SZ,泓博医药,生物制药,20221101,创业板
688192.SH,迪哲医药-U,生物制药,20211210,科创板
301183.SZ,东田微,元器件,20220524,创业板
688225.SH,亚信安全,软件服务,20220209,科创板
301318.SZ,维海德,IT设备,20220810,创业板
688197.SH,首药控股-U,化学制药,20220323,科创板
301223.SZ,中荣股份,广告包装,20221026,创业板
688349.SH,三一重能,电气设备,20220622,科创板
301468.SZ,博盈特焊,专用机械,20230724,创业板
688230.SH,芯导科技,半导体,20211201,科创板
688190.SH,云路股份,矿物制品,20211126,科创板
688382.SH,益方生物-U,生物制药,20220725,科创板
301363.SZ,美好医疗,医疗保健,20221012,创业板
301097.SZ,天益医疗,医疗保健,20220407,创业板
688281.SH,华秦科技,航空,20220307,科创板
301283.SZ,聚胶股份,日用化工,20220902,创业板
601059.SH,信达证券,证券,20230201,主板
601728.SH,中国电信,电信运营,20210820,主板
603215.SH,比依股份,家用电器,20220218,主板
688045.SH,必易微,半导体,20220526,科创板
688107.SH,安路科技,半导体,20211112,科创板
603209.SH,兴通股份,水运,20220324,主板
301312.SZ,智立方,专用机械,20220711,创业板
301408.SZ,华人健康,医药商业,20230301,创业板
301288.SZ,清研环境,环境保护,20220422,创业板
688332.SH,中科蓝讯,半导体,20220715,科创板
301156.SZ,美农生物,饲料,20220617,创业板
688249.SH,晶合集成,半导体,20230505,科创板
301326.SZ,捷邦科技,元器件,20220921,创业板
301314.SZ,科瑞思,元器件,20230328,创业板
688175.SH,高凌信息,通信设备,20220315,科创板
688237.SH,超卓航科,航空,20220701,科创板
603219.SH,富佳股份,家用电器,20211122,主板
603132.SH,金徽股份,铅锌,20220222,主板
688247.SH,宣泰医药,化学制药,20220825,科创板
688302.SH,海创药业-U,生物制药,20220412,科创板
301200.SZ,大族数控,专用机械,20220228,创业板
301260.SZ,格力博,专用机械,20230208,创业板
301379.SZ,天山电子,元器件,20221101,创业板
688173.SH,希荻微,半导体,20220121,科创板
301357.SZ,北方长龙,专用机械,20230418,创业板
688176.SH,亚虹医药-U,化学制药,20220107,科创板
301157.SZ,华塑科技,电气设备,20230309,创业板
301132.SZ,满坤科技,元器件,20220810,创业板
688052.SH,纳芯微,半导体,20220422,科创板
603070.SH,万控智造,电气设备,20220310,主板
603182.SH,嘉华股份,食品,20220909,主板
001268.SZ,联合精密,机械基件,20220630,主板
301399.SZ,英特科技,机械基件,20230523,创业板
301322.SZ,绿通科技,摩托车,20230306,创业板
301413.SZ,安培龙,电器仪表,20231218,创业板
301209.SZ,联合化学,染料涂料,20220825,创业板
688234.SH,天岳先进,半导体,20220112,科创板
001258.SZ,立新能源,新型电力,20220727,主板
603237.SH,五芳斋,食品,20220831,主板
301317.SZ,鑫磊股份,机械基件,20230119,创业板
688283.SH,坤恒顺维,电器仪表,20220215,科创板
301308.SZ,江波龙,半导体,20220805,创业板
300804.SZ,广康生化,农药化肥,20230627,创业板
301486.SZ,致尚科技,元器件,20230707,创业板
688238.SH,和元生物,医疗保健,20220322,科创板
688248.SH,南网科技,电气设备,20211222,科创板
688209.SH,英集芯,半导体,20220419,科创板
301359.SZ,东南电子,元器件,20221109,创业板
301355.SZ,南王科技,广告包装,20230612,创业板
301320.SZ,豪江智能,电气设备,20230609,创业板
688337.SH,普源精电,电器仪表,20220408,科创板
301289.SZ,国缆检测,电器仪表,20220622,创业板
301365.SZ,矩阵股份,建筑工程,20221122,创业板
301328.SZ,维峰电子,元器件,20220908,创业板
688150.SH,莱特光电,元器件,20220318,科创板
688253.SH,英诺特,医疗保健,20220728,科创板
688267.SH,中触媒,化工原料,20220216,科创板
301195.SZ,北路智控,软件服务,20220801,创业板
301429.SZ,森泰股份,其他建材,20230417,创业板
688193.SH,仁度生物,医疗保健,20220330,科创板
301311.SZ,昆船智能,机械基件,20221130,创业板
688261.SH,东微半导,半导体,20220210,科创板
301567.SZ,贝隆精密,元器件,20240116,创业板
301387.SZ,光大同创,元器件,20230418,创业板
301205.SZ,联特科技,通信设备,20220913,创业板
688153.SH,唯捷创芯,半导体,20220412,科创板
688401.SH,路维光电,半导体,20220817,科创板
688331.SH,荣昌生物,生物制药,20220331,科创板
688292.SH,浩瀚深度,通信设备,20220818,科创板
301309.SZ,万得凯,机械基件,20220919,创业板
301269.SZ,华大九天,半导体,20220729,创业板
001311.SZ,多利科技,汽车配件,20230227,主板
001298.SZ,好上好,元器件,20221031,主板
603325.SH,博隆技术,化工机械,20240110,主板
001230.SZ,劲旅环境,环境保护,20220715,主板
001309.SZ,德明利,半导体,20220701,主板
001318.SZ,阳光乳业,乳制品,20220520,主板
688207.SH,格灵深瞳,软件服务,20220317,科创板
688279.SH,峰岹科技,半导体,20220420,科创板
301332.SZ,德尔玛,家用电器,20230518,创业板
603051.SH,鹿山新材,塑料,20220325,主板
001323.SZ,慕思股份,家居用品,20220623,主板
001259.SZ,利仁科技,家用电器,20220831,主板
001228.SZ,永泰运,仓储物流,20220429,主板
001283.SZ,豪鹏科技,电气设备,20220905,主板
001308.SZ,康冠科技,元器件,20220318,主板
001266.SZ,宏英智能,电器仪表,20220228,主板
688400.SH,凌云光,专用机械,20220706,科创板
688362.SH,甬矽电子,半导体,20221116,科创板
688320.SH,禾川科技,电器仪表,20220428,科创板
688295.SH,中复神鹰,化纤,20220406,科创板
688048.SH,长光华芯,半导体,20220401,科创板
301519.SZ,舜禹股份,专用机械,20230727,创业板
301327.SZ,华宝新能,电气设备,20220919,创业板
301281.SZ,科源制药,化学制药,20230404,创业板
301361.SZ,众智科技,电气设备,20221116,创业板
688380.SH,中微半导,半导体,20220805,科创板
688325.SH,赛微微电,半导体,20220422,科创板
688206.SH,概伦电子,半导体,20211228,科创板
688522.SH,纳睿雷达,通信设备,20230301,科创板
688170.SH,德龙激光,专用机械,20220429,科创板
301115.SZ,联检科技,建筑工程,20220831,创业板
301105.SZ,鸿铭股份,专用机械,20221230,创业板
001338.SZ,永顺泰,啤酒,20221116,主板
001222.SZ,源飞宠物,文教休闲,20220818,主板
001336.SZ,楚环科技,专用机械,20220725,主板
001226.SZ,拓山重工,工程机械,20220622,主板
001231.SZ,农心科技,农药化肥,20220819,主板
603097.SH,江苏华辰,电气设备,20220512,主板
603173.SH,福斯达,机械基件,20230130,主板
603061.SH,金海通,半导体,20230303,主板
688213.SH,思特威-W,半导体,20220520,科创板
688223.SH,晶科能源,电气设备,20220126,科创板
688273.SH,麦澜德,医疗保健,20220811,科创板
688472.SH,阿特斯,电气设备,20230609,科创板
688047.SH,龙芯中科,半导体,20220624,科创板
688231.SH,隆达股份,航空,20220722,科创板
688479.SH,友车科技,软件服务,20230511,科创板
688485.SH,九州一轨,运输设备,20230118,科创板
688420.SH,美腾科技,专用机械,20221209,科创板
301337.SZ,亚华电子,软件服务,20230526,创业板
301303.SZ,真兰仪表,电器仪表,20230220,创业板
301566.SZ,达利凯普,元器件,20231229,创业板
301315.SZ,威士顿,软件服务,20230621,创业板
301323.SZ,新莱福,橡胶,20230606,创业板
301396.SZ,宏景科技,软件服务,20221111,创业板
301277.SZ,新天地,化学制药,20221116,创业板
688322.SH,奥比中光-W,元器件,20220707,科创板
688251.SH,井松智能,专用机械,20220606,科创板
688348.SH,昱能科技,电气设备,20220608,科创板
688370.SH,丛麟科技,环境保护,20220825,科创板
688252.SH,天德钰,半导体,20220927,科创板
688503.SH,聚和材料,电气设备,20221209,科创板
688125.SH,安达智能,专用机械,20220415,科创板
688326.SH,经纬恒润-W,汽车配件,20220419,科创板
301376.SZ,致欧科技,家居用品,20230621,创业板
301377.SZ,鼎泰高科,机械基件,20221122,创业板
301297.SZ,富乐德,半导体,20221230,创业板
688244.SH,永信至诚,软件服务,20221019,科创板
688351.SH,微电生理,医疗保健,20220831,科创板
688115.SH,思林杰,电器仪表,20220314,科创板
688046.SH,药康生物,生物制药,20220425,科创板
688455.SH,科捷智能,机械基件,20220915,科创板
688290.SH,景业智能,专用机械,20220429,科创板
688353.SH,华盛锂电,化工原料,20220713,科创板
301360.SZ,荣旗科技,专用机械,20230425,创业板
300904.SZ,威力传动,电气设备,20230809,创业板
301456.SZ,盘古智能,电气设备,20230714,创业板
301278.SZ,快可电子,电气设备,20220804,创业板
301489.SZ,思泉新材,元器件,20231024,创业板
301246.SZ,宏源药业,化学制药,20230320,创业板
301448.SZ,开创电气,机械基件,20230619,创业板
301151.SZ,冠龙节能,机械基件,20220411,创业板
301488.SZ,豪恩汽电,汽车配件,20230704,创业板
603191.SH,望变电气,电气设备,20220428,主板
603235.SH,天新药业,化学制药,20220712,主板
603211.SH,晋拓股份,汽车配件,20220725,主板
603201.SH,常润股份,汽车配件,20220729,主板
603206.SH,嘉环科技,通信设备,20220506,主板
601089.SH,福元医药,化学制药,20220630,主板
603057.SH,紫燕食品,食品,20220926,主板
603170.SH,宝立食品,食品,20220715,主板
001322.SZ,箭牌家居,家居用品,20221026,主板
001301.SZ,尚太科技,电气设备,20221228,主板
001339.SZ,智微智能,IT设备,20220815,主板
001314.SZ,亿道信息,元器件,20230214,主板
001316.SZ,润贝航科,批发业,20220624,主板
001238.SZ,浙江正特,家居用品,20220919,主板
001260.SZ,坤泰股份,汽车配件,20230216,主板
603190.SH,亚通精工,汽车配件,20230217,主板
603291.SH,联合水务,水务,20230327,主板
603151.SH,邦基科技,饲料,20221019,主板
603163.SH,圣晖集成,建筑工程,20221013,主板
001300.SZ,三柏硕,文教休闲,20221019,主板
001319.SZ,铭科精技,汽车配件,20220512,主板
001331.SZ,胜通能源,供气供热,20220908,主板
001255.SZ,博菲电气,电气设备,20220930,主板
001366.SZ,播恩集团,饲料,20230307,主板
001229.SZ,魅视科技,IT设备,20220808,主板
301197.SZ,工大科雅,软件服务,20220808,创业板
301389.SZ,隆扬电子,元器件,20221031,创业板
301273.SZ,瑞晨环保,机械基件,20221025,创业板
301306.SZ,西测测试,航空,20220726,创业板
301368.SZ,丰立智能,机械基件,20221215,创业板
301307.SZ,美利信,通信设备,20230424,创业板
301356.SZ,天振股份,家居用品,20221114,创业板
301388.SZ,欣灵电气,电气设备,20221109,创业板
301397.SZ,溯联股份,汽车配件,20230628,创业板
301316.SZ,慧博云通,软件服务,20221013,创业板
301255.SZ,通力科技,机械基件,20221227,创业板
301280.SZ,珠城科技,元器件,20221226,创业板
301526.SZ,国际复材,玻璃,20231226,创业板
301329.SZ,信音电子,元器件,20230717,创业板
301386.SZ,未来电器,电气设备,20230329,创业板
301516.SZ,中远通,电气设备,20231208,创业板
301369.SZ,联动科技,半导体,20220922,创业板
301272.SZ,英华特,专用机械,20230713,创业板
301095.SZ,广立微,半导体,20220805,创业板
301170.SZ,锡南科技,汽车配件,20230627,创业板
301378.SZ,通达海,软件服务,20230320,创业板
301325.SZ,曼恩斯特,专用机械,20230512,创业板
301290.SZ,东星医疗,医疗保健,20221130,创业板
301305.SZ,朗坤科技,环境保护,20230523,创业板
301285.SZ,鸿日达,元器件,20220928,创业板
301558.SZ,三态股份,互联网,20230928,创业板
301292.SZ,海科新源,化工原料,20230707,创业板
301555.SZ,惠柏新材,化工原料,20231031,创业板
688072.SH,拓荆科技,半导体,20220420,科创板
603153.SH,上海建科,建筑工程,20230313,主板
603255.SH,鼎际得,化工原料,20220818,主板
001216.SZ,华瓷股份,家居用品,20211019,主板
301391.SZ,卡莱特,IT设备,20221201,创业板
001333.SZ,光华股份,化工原料,20221208,主板
600941.SH,中国移动,电信运营,20220105,主板
301301.SZ,川宁生物,化学制药,20221227,创业板
301176.SZ,逸豪新材,元器件,20220928,创业板
301225.SZ,恒勃股份,汽车配件,20230616,创业板
301371.SZ,敷尔佳,日用化工,20230801,创业板
920964.BJ,润农节水,建筑工程,20200727,北交所
920418.BJ,苏轴股份,汽车配件,20200727,北交所
920198.BJ,微创光电,IT设备,20200727,北交所
920149.BJ,旭杰科技,建筑工程,20200727,北交所
920184.BJ,国源科技,软件服务,20200727,北交所
920185.BJ,贝特瑞,化工原料,20200727,北交所
920163.BJ,方大新材,塑料,20200727,北交所
920729.BJ,永顺生物,农业综合,20200727,北交所
920640.BJ,富士达,通信设备,20200727,北交所
920242.BJ,建邦科技,汽车配件,20200727,北交所
920167.BJ,同享科技,小金属,20200727,北交所
920266.BJ,生物谷,中成药,20200727,北交所
920961.BJ,创远信科,电器仪表,20200727,北交所
920278.BJ,鹿得医疗,医疗保健,20200727,北交所
920021.BJ,流金科技,影视音像,20200727,北交所
920415.BJ,恒拓开源,软件服务,20200727,北交所
920475.BJ,三友科技,专用机械,20200727,北交所
920799.BJ,艾融软件,软件服务,20200727,北交所
920489.BJ,佳先股份,化工原料,20200727,北交所
920946.BJ,森萱医药,化学制药,20200727,北交所
920370.BJ,新安洁,环境保护,20200727,北交所
920819.BJ,颖泰生物,农药化肥,20200727,北交所
920077.BJ,吉林碳谷,化纤,20210831,北交所
920682.BJ,球冠电缆,电气设备,20200727,北交所
920174.BJ,五新隧装,工程机械,20210820,北交所
920010.BJ,凯添燃气,供气供热,20200727,北交所
920445.BJ,龙竹科技,家居用品,20200727,北交所
920039.BJ,国义招标,建筑工程,20210818,北交所
920368.BJ,连城数控,专用机械,20200727,北交所
920642.BJ,通易航天,航空,20210816,北交所
920508.BJ,殷图网联,电气设备,20200727,北交所
920263.BJ,中航泰达,环境保护,20200727,北交所
920566.BJ,梓橦宫,化学制药,20210813,北交所
920433.BJ,大唐药业,中成药,20200727,北交所
920839.BJ,万通液压,工程机械,20201109,北交所
920553.BJ,凯腾精工,专用机械,20210806,北交所
920146.BJ,华阳变速,汽车配件,20210720,北交所
920885.BJ,星辰科技,电器仪表,20210708,北交所
920765.BJ,美之高,家居用品,20210705,北交所
920768.BJ,拾比佰,家用电器,20210628,北交所
920212.BJ,智新电子,元器件,20210608,北交所
920726.BJ,朱老六,食品,20210527,北交所
920523.BJ,德瑞锂电,电气设备,20210603,北交所
920225.BJ,利通科技,橡胶,20210225,北交所
920832.BJ,齐鲁华信,化工原料,20210223,北交所
920599.BJ,同力股份,工程机械,20210222,北交所
920735.BJ,德源药业,化学制药,20210219,北交所
920239.BJ,长虹能源,电气设备,20210209,北交所
920427.BJ,华维设计,建筑工程,20210205,北交所
920275.BJ,驱动力,农业综合,20210125,北交所
920826.BJ,盖世食品,食品,20210112,北交所
920509.BJ,同惠电子,电器仪表,20210111,北交所
920344.BJ,三元基因,生物制药,20210108,北交所
920510.BJ,丰光精密,机械基件,20201228,北交所
920675.BJ,秉扬科技,矿物制品,20201228,北交所
920856.BJ,浩淼科技,专用机械,20201225,北交所
920000.BJ,安徽凤凰,汽车配件,20201223,北交所
920670.BJ,数字人,软件服务,20201208,北交所
920030.BJ,德众汽车,汽车服务,20201127,北交所
920047.BJ,诺思兰德,生物制药,20201124,北交所
920396.BJ,常辅股份,电器仪表,20201118,北交所
688428.SH,诺诚健华,生物制药,20220921,科创板
001376.SZ,百通能源,供气供热,20231103,主板
603052.SH,可川科技,元器件,20221011,主板
301353.SZ,普莱得,专用机械,20230530,创业板
601022.SH,宁波远洋,水运,20221208,主板
603065.SH,宿迁联盛,化工原料,20230321,主板
301141.SZ,中科磁业,矿物制品,20230403,创业板
688297.SH,中无人机,航空,20220629,科创板
688375.SH,国博电子,元器件,20220722,科创板
688203.SH,海正生材,塑料,20220816,科创板
601868.SH,中国能建,建筑工程,20210928,主板
601136.SH,首创证券,证券,20221222,主板
603130.SH,云中马,纺织,20221118,主板
001223.SZ,欧克科技,专用机械,20221212,主板
001256.SZ,炜冈科技,轻工机械,20221205,主板
301210.SZ,金杨精密,电气设备,20230630,创业板
301358.SZ,湖南裕能,电气设备,20230209,创业板
920089.BJ,禾昌聚合,塑料,20211109,北交所
920092.BJ,汉鑫科技,软件服务,20211115,北交所
920924.BJ,广脉科技,通信设备,20211103,北交所
920405.BJ,海希通讯,电器仪表,20211105,北交所
920145.BJ,恒合股份,环境保护,20211115,北交所
920892.BJ,广咨国际,建筑工程,20211028,北交所
920925.BJ,锦好医疗,医疗保健,20211025,北交所
688371.SH,菲沃泰,元器件,20220802,科创板
688426.SH,康为世纪,生物制药,20221025,科创板
301520.SZ,万邦医药,生物制药,20230925,创业板
301202.SZ,朗威股份,机械基件,20230705,创业板
603281.SH,江瀚新材,化工原料,20230131,主板
600925.SH,苏能股份,煤炭开采,20230329,主板
001337.SZ,四川黄金,黄金,20230303,主板
688205.SH,德科立,通信设备,20220809,科创板
688035.SH,德邦科技,半导体,20220919,科创板
301252.SZ,同星科技,机械基件,20230525,创业板
688416.SH,恒烁股份,半导体,20220829,科创板
001225.SZ,和泰机电,专用机械,20230222,主板
688130.SH,晶华微,半导体,20220729,科创板
301295.SZ,美硕科技,电气设备,20230628,创业板
920932.BJ,科达自控,软件服务,20211115,北交所
920171.BJ,志晟信息,软件服务,20211115,北交所
920454.BJ,同心传动,汽车配件,20211115,北交所
920873.BJ,中设咨询,建筑工程,20211115,北交所
920260.BJ,中寰股份,专用机械,20211115,北交所
920720.BJ,吉冈精密,机械基件,20211124,北交所
920436.BJ,大地电气,汽车配件,20211115,北交所
920981.BJ,晶赛科技,元器件,20211115,北交所
603073.SH,彩蝶实业,纺织,20230316,主板
603307.SH,扬州金泉,文教休闲,20230216,主板
688410.SH,山外山,医疗保健,20221226,科创板
001368.SZ,通达创智,文教休闲,20230313,主板
688403.SH,汇成股份,半导体,20220818,科创板
688373.SH,盟科药业-U,化学制药,20220805,科创板
688041.SH,海光信息,半导体,20220812,科创板
301321.SZ,翰博高新,元器件,20220818,创业板
301192.SZ,泰祥股份,汽车配件,20220811,创业板
001267.SZ,汇绿生态,通信设备,20211117,主板
301287.SZ,康力源,文教休闲,20230614,创业板
001358.SZ,兴欣新材,化工原料,20231221,主板
600938.SH,中国海油,石油开采,20220421,主板
688291.SH,金橙子,软件服务,20221026,科创板
920533.BJ,骏创科技,汽车配件,20220524,北交所
920689.BJ,克莱特,专用机械,20220321,北交所
920419.BJ,路斯股份,饲料,20220311,北交所
920152.BJ,昆工科技,小金属,20220901,北交所
920299.BJ,灿能电力,电气设备,20220610,北交所
920245.BJ,威博液压,机械基件,20220106,北交所
920564.BJ,天润科技,软件服务,20220617,北交所
920857.BJ,泓禧科技,元器件,20220228,北交所
920821.BJ,则成电子,元器件,20220706,北交所
920580.BJ,科创新材,其他建材,20220513,北交所
920346.BJ,威贸电子,元器件,20220223,北交所
920204.BJ,沪江材料,塑料,20220118,北交所
920834.BJ,三维装备,塑料,20220822,北交所
920970.BJ,大禹生物,饲料,20220518,北交所
688506.SH,百利天恒,化学制药,20230106,科创板
301528.SZ,多浦乐,电器仪表,20230828,创业板
920046.BJ,亿能电力,电气设备,20221013,北交所
920169.BJ,七丰精工,机械基件,20220415,北交所
920943.BJ,优机股份,机械基件,20220624,北交所
920223.BJ,荣亿精密,机械基件,20220609,北交所
920062.BJ,科润智控,电气设备,20220713,北交所
920179.BJ,凯德石英,矿物制品,20220304,北交所
301310.SZ,鑫宏业,汽车配件,20230602,创业板
688293.SH,奥浦迈,生物制药,20220902,科创板
301261.SZ,恒工精密,机械基件,20230710,创业板
688381.SH,帝奥微,半导体,20220823,科创板
688439.SH,振华风光,元器件,20220826,科创板
688657.SH,DR浩辰软,软件服务,20231010,科创板
688073.SH,毕得医药,化学制药,20221011,科创板
688031.SH,星环科技-U,软件服务,20221018,科创板
301348.SZ,蓝箭电子,半导体,20230810,创业板
688419.SH,耐科装备,半导体,20221107,科创板
301390.SZ,经纬股份,建筑工程,20230508,创业板
301525.SZ,儒竞科技,家用电器,20230830,创业板
688409.SH,富创精密,半导体,20221010,科创板
301511.SZ,德福科技,电气设备,20230817,创业板
601061.SH,中信金属,商贸代理,20230410,主板
001287.SZ,中电港,元器件,20230410,主板
688391.SH,钜泉科技,半导体,20220913,科创板
688475.SH,萤石网络,IT设备,20221228,科创板
301512.SZ,智信精密,专用机械,20230720,创业板
603282.SH,亚光股份,专用机械,20230315,主板
603373.SH,安邦护卫,仓储物流,20231220,主板
001286.SZ,陕西能源,火力发电,20230410,主板
301517.SZ,陕西华达,元器件,20231017,创业板
920879.BJ,基康技术,电器仪表,20221220,北交所
301510.SZ,固高科技,电器仪表,20230815,创业板
301393.SZ,昊帆生物,化工原料,20230712,创业板
301383.SZ,天键股份,元器件,20230609,创业板
920378.BJ,泰德股份,汽车配件,20220620,北交所
301515.SZ,港通医疗,医疗保健,20230725,创业板
688489.SH,三未信安,IT设备,20221202,科创板
301459.SZ,丰茂股份,汽车配件,20231213,创业板
001367.SZ,海森药业,化学制药,20230410,主板
688061.SH,灿瑞科技,半导体,20221018,科创板
688361.SH,中科飞测,半导体,20230519,科创板
688143.SH,长盈通,通信设备,20221212,科创板
688152.SH,麒麟信安,软件服务,20221028,科创板
301509.SZ,金凯生科,化学制药,20230803,创业板
688387.SH,信科移动-U,通信设备,20220926,科创板
920870.BJ,恒进感应,机床制造,20220705,北交所
688459.SH,哈铁科技,运输设备,20221012,科创板
688448.SH,磁谷科技,专用机械,20220921,科创板
301589.SZ,诺瓦星云,IT设备,20240208,创业板
688702.SH,盛科通信-U,半导体,20230914,科创板
688432.SH,有研硅,半导体,20221110,科创板
603135.SH,中重科技,专用机械,20230410,主板
601065.SH,江盐集团,化工原料,20230410,主板
603125.SH,常青科技,化工原料,20230410,主板
301548.SZ,崇德科技,机械基件,20230920,创业板
301487.SZ,盟固利,化工原料,20230809,创业板
688137.SH,近岸蛋白,生物制药,20220929,科创板
688435.SH,英方软件,软件服务,20230119,科创板
688372.SH,伟测科技,半导体,20221026,科创板
920402.BJ,硅烷科技,化工原料,20220928,北交所
301421.SZ,波长光电,元器件,20230823,创业板
301498.SZ,乖宝宠物,饲料,20230816,创业板
920491.BJ,奥迪威,元器件,20220614,北交所
920639.BJ,晨光电缆,电气设备,20220712,北交所
688392.SH,骄成超声,专用机械,20220927,科创板
301559.SZ,中集环科,专用机械,20231011,创业板
301577.SZ,美信科技,元器件,20240124,创业板
301203.SZ,国泰环保,环境保护,20230404,创业板
920871.BJ,派特尔,塑料,20220722,北交所
920130.BJ,立方控股,软件服务,20231102,北交所
920271.BJ,邦德股份,汽车配件,20220602,北交所
920790.BJ,联迪信息,软件服务,20220902,北交所
920395.BJ,朗鸿科技,IT设备,20220901,北交所
688480.SH,赛恩斯,环境保护,20221125,科创板
688271.SH,联影医疗,医疗保健,20220822,科创板
688084.SH,晶品特装,专用机械,20221208,科创板
301291.SZ,明阳电气,电气设备,20230630,创业板
301578.SZ,辰奕智能,IT设备,20231228,创业板
301550.SZ,斯菱智驱,汽车配件,20230915,创业板
301507.SZ,民生健康,化学制药,20230905,创业板
301499.SZ,维科精密,汽车配件,20230721,创业板
301533.SZ,威马农机,农用机械,20230818,创业板
920267.BJ,鑫汇科,元器件,20220527,北交所
001324.SZ,长青科技,运输设备,20230522,主板
001278.SZ,一彬科技,汽车配件,20230308,主板
603137.SH,恒尚节能,装修装饰,20230419,主板
601133.SH,柏诚股份,建筑工程,20230410,主板
688275.SH,万润新能,电气设备,20220929,科创板
688549.SH,中巨芯-U,元器件,20230908,科创板
688498.SH,源杰科技,半导体,20221221,科创板
001289.SZ,龙源电力,新型电力,20220124,主板
001373.SZ,翔腾新材,元器件,20230601,主板
301529.SZ,福赛科技,汽车配件,20230911,创业板
920985.BJ,海泰新能,电气设备,20220808,北交所
301518.SZ,长华化学,化工原料,20230803,创业板
920725.BJ,惠丰钻石,矿物制品,20220718,北交所
001306.SZ,夏厦精密,机械基件,20231116,主板
001378.SZ,德冠新材,塑料,20231030,主板
688709.SH,成都华微,半导体,20240207,科创板
688141.SH,杰华特,半导体,20221223,科创板
688525.SH,佰维存储,半导体,20221230,科创板
920270.BJ,天铭科技,汽车配件,20220902,北交所
920122.BJ,中纺标,综合类,20220927,北交所
301588.SZ,美新科技,家居用品,20240313,创业板
001380.SZ,华纬科技,汽车配件,20230516,主板
688172.SH,燕东微,半导体,20221216,科创板
603172.SH,万丰股份,染料涂料,20230510,主板
301539.SZ,宏鑫科技,汽车配件,20240415,创业板
920230.BJ,欧康医药,生物制药,20221209,北交所
688478.SH,晶升股份,半导体,20230424,科创板
603276.SH,恒兴新材,化工原料,20230925,主板
920866.BJ,绿亨科技,农药化肥,20221209,北交所
920429.BJ,康比特,食品,20221215,北交所
920261.BJ,一诺威,化工原料,20230403,北交所
301568.SZ,思泰克,专用机械,20231128,创业板
920367.BJ,新赣江,化学制药,20230209,北交所
920207.BJ,众诚科技,软件服务,20220923,北交所
001282.SZ,三联锻造,汽车配件,20230524,主板
688512.SH,慧智微-U,半导体,20230516,科创板
920110.BJ,雷特科技,电气设备,20221206,北交所
920718.BJ,合肥高科,家用电器,20221222,北交所
920273.BJ,一致魔芋,食品,20230221,北交所
301508.SZ,中机认检,电器仪表,20231201,创业板
603193.SH,润本股份,日用化工,20231017,主板
001360.SZ,南矿集团,工程机械,20230410,主板
688352.SH,颀中科技,半导体,20230420,科创板
688307.SH,中润光学,元器件,20230216,科创板
920753.BJ,天纺标,纺织,20221031,北交所
920627.BJ,力王股份,电气设备,20230907,北交所
920608.BJ,丰安股份,机械基件,20221216,北交所
920058.BJ,华洋赛车,摩托车,20230810,北交所
301538.SZ,骏鼎达,塑料,20240320,创业板
920476.BJ,海能技术,电器仪表,20221014,北交所
920571.BJ,国航远洋,水运,20221215,北交所
688458.SH,美芯晟,半导体,20230522,科创板
688562.SH,航天软件,软件服务,20230524,科创板
001328.SZ,登康口腔,日用化工,20230410,主板
001326.SZ,联域股份,电气设备,20231109,主板
603119.SH,DR浙江荣,汽车配件,20230801,主板
603004.SH,鼎龙科技,化工原料,20231227,主板
603162.SH,海通发展,水运,20230329,主板
920982.BJ,锦波生物,医疗保健,20230720,北交所
920971.BJ,天马新材,化工原料,20220927,北交所
920974.BJ,凯大催化,化工原料,20230308,北交所
688627.SH,精智达,专用机械,20230718,科创板
688671.SH,碧兴物联,环境保护,20230809,科创板
688620.SH,安凯微,半导体,20230627,科创板
920556.BJ,雅达股份,电器仪表,20230317,北交所
920662.BJ,方盛股份,机械基件,20221128,北交所
301596.SZ,瑞迪智驱,机械基件,20240513,创业板
688535.SH,华海诚科,半导体,20230404,科创板
688693.SH,锴威特,半导体,20230818,科创板
920247.BJ,华密新材,橡胶,20221223,北交所
920876.BJ,慧为智能,元器件,20221109,北交所
920914.BJ,远航精密,小金属,20221111,北交所
920685.BJ,新芝生物,电器仪表,20221010,北交所
920895.BJ,花溪科技,农用机械,20230406,北交所
920017.BJ,星昊医药,化学制药,20230531,北交所
920237.BJ,力佳科技,电气设备,20221125,北交所
688443.SH,智翔金泰-U,生物制药,20230620,科创板
301502.SZ,华阳智能,电气设备,20240202,创业板
920374.BJ,云里物里,通信设备,20221129,北交所
688484.SH,南芯科技,半导体,20230407,科创板
688531.SH,日联科技,专用机械,20230331,科创板
301251.SZ,威尔高,元器件,20230906,创业板
920422.BJ,润普食品,食品,20230301,北交所
920855.BJ,浙江大农,机床制造,20221229,北交所
920087.BJ,秋乐种业,种植业,20221207,北交所
920808.BJ,曙光数创,IT设备,20221118,北交所
920139.BJ,华岭股份,半导体,20221028,北交所
688570.SH,天玛智控,专用机械,20230605,科创板
688623.SH,双元科技,专用机械,20230608,科创板
688610.SH,埃科光电,电器仪表,20230719,科创板
688523.SH,航天环宇,航空,20230602,科创板
688631.SH,莱斯信息,软件服务,20230628,科创板
920252.BJ,天宏锂电,电气设备,20230119,北交所
920641.BJ,格利尔,矿物制品,20221202,北交所
920942.BJ,恒立钻具,机械基件,20221208,北交所
920802.BJ,保丽洁,环境保护,20230206,北交所
688146.SH,中船特气,半导体,20230421,科创板
688612.SH,威迈斯,汽车配件,20230726,科创板
688576.SH,西山科技,医疗保健,20230606,科创板
688429.SH,时创能源,电气设备,20230629,科创板
688563.SH,航材股份,航空,20230719,科创板
301536.SZ,星宸科技,半导体,20240328,创业板
688543.SH,国科军工,专用机械,20230621,科创板
688582.SH,芯动联科,元器件,20230630,科创板
920957.BJ,汉维科技,化工原料,20221214,北交所
920527.BJ,夜光明,化工原料,20221027,北交所
603275.SH,众辰科技,电器仪表,20230823,主板
603075.SH,热威股份,家用电器,20230911,主板
601096.SH,宏盛华源,钢加工,20231222,主板
603273.SH,天元智能,专用机械,20231023,主板
920906.BJ,舜宇精工,汽车配件,20230222,北交所
920199.BJ,倍益康,家用电器,20221201,北交所
920195.BJ,三祥科技,汽车配件,20221230,北交所
920392.BJ,佳合科技,广告包装,20221230,北交所
688433.SH,华曙高科,专用机械,20230417,科创板
920950.BJ,迅安科技,元器件,20230111,北交所
920478.BJ,峆一药业,化学制药,20230223,北交所
920810.BJ,春光智能,专用机械,20221216,北交所
920190.BJ,雷神科技,IT设备,20221223,北交所
920781.BJ,瑞奇智造,专用机械,20221226,北交所
920014.BJ,特瑞斯,专用机械,20221213,北交所
920351.BJ,华光源海,仓储物流,20221229,北交所
920493.BJ,并行科技,软件服务,20231101,北交所
920634.BJ,新威凌,铅锌,20221124,北交所
920748.BJ,路桥信息,软件服务,20230816,北交所
920579.BJ,机科股份,机械基件,20231130,北交所
688593.SH,新相微,半导体,20230601,科创板
688651.SH,盛邦安全,软件服务,20230726,科创板
920414.BJ,欧普泰,电器仪表,20221212,北交所
920992.BJ,中科美菱,医疗保健,20221018,北交所
920526.BJ,凯华材料,化工原料,20221222,北交所
920663.BJ,明阳科技,汽车配件,20230315,北交所
920339.BJ,恒太照明,家用电器,20221117,北交所
920033.BJ,康普化学,化工原料,20221221,北交所
920541.BJ,铁大科技,运输设备,20230310,北交所
920075.BJ,柏星龙,广告包装,20221214,北交所
688573.SH,信宇人,专用机械,20230817,科创板
920208.BJ,青矩技术,建筑工程,20230629,北交所
920770.BJ,艾能聚,电气设备,20230228,北交所
920057.BJ,百甲科技,钢加工,20230314,北交所
688507.SH,索辰科技,软件服务,20230418,科创板
688515.SH,裕太微-U,半导体,20230210,科创板
688695.SH,中创股份,软件服务,20240313,科创板
688638.SH,誉辰智能,专用机械,20230712,科创板
688592.SH,司南导航,通信设备,20230816,科创板
688629.SH,华丰科技,元器件,20230627,科创板
688552.SH,航天南湖,通信设备,20230518,科创板
301446.SZ,福事特,机械基件,20230725,创业板
920227.BJ,美登科技,软件服务,20221228,北交所
920371.BJ,欧福蛋业,食品,20230118,北交所
920792.BJ,东和新材,其他建材,20230330,北交所
920262.BJ,太湖雪,纺织,20221230,北交所
920300.BJ,辰光医疗,医疗保健,20221207,北交所
920249.BJ,利尔达,元器件,20230217,北交所
920425.BJ,乐创技术,专用机械,20230130,北交所
920807.BJ,奔朗新材,机械基件,20221220,北交所
920357.BJ,雅葆轩,元器件,20221118,北交所
920407.BJ,驰诚股份,电器仪表,20230216,北交所
920786.BJ,骑士乳业,乳制品,20231013,北交所
920592.BJ,华信永道,软件服务,20230710,北交所
688648.SH,中邮科技,机床制造,20231113,科创板
688539.SH,高华科技,电器仪表,20230418,科创板
688334.SH,西高院,电气设备,20230619,科创板
688450.SH,光格科技,电器仪表,20230724,科创板
688717.SH,艾罗能源,电气设备,20240103,科创板
920505.BJ,九菱科技,机械基件,20221221,北交所
688469.SH,芯联集成-U,半导体,20230510,科创板
688591.SH,泰凌微,半导体,20230825,科创板
603270.SH,金帝股份,机械基件,20230901,主板
603231.SH,索宝蛋白,食品,20231215,主板
603082.SH,北自科技,运输设备,20240130,主板
603344.SH,星德胜,电气设备,20240320,主板
001239.SZ,永达股份,工程机械,20231212,主板
001379.SZ,腾达科技,机械基件,20240119,主板
001359.SZ,平安电工,矿物制品,20240328,主板
001389.SZ,广合科技,元器件,20240402,主板
603296.SH,华勤技术,元器件,20230808,主板
920001.BJ,纬达光电,元器件,20221227,北交所
603375.SH,盛景微,半导体,20240124,主板
920694.BJ,中裕科技,塑料,20230424,北交所
920471.BJ,美邦科技,化工原料,20230525,北交所
920221.BJ,易实精密,汽车配件,20230608,北交所
920455.BJ,汇隆活塞,专用机械,20230621,北交所
688603.SH,天承科技,化工原料,20230710,科创板
920394.BJ,民士达,造纸,20230425,北交所
920779.BJ,武汉蓝电,电器仪表,20230601,北交所
920837.BJ,华原股份,汽车配件,20230515,北交所
920896.BJ,旺成科技,汽车配件,20230419,北交所
920699.BJ,海达尔,家用电器,20230509,北交所
920717.BJ,瑞星股份,专用机械,20230703,北交所
920953.BJ,国子软件,软件服务,20230823,北交所
920593.BJ,鼎智科技,机械基件,20230413,北交所
920578.BJ,巨能股份,专用机械,20230512,北交所
603062.SH,XD麦加芯,染料涂料,20231107,主板
601033.SH,永兴股份,环境保护,20240118,主板
001387.SZ,雪祺电气,家用电器,20240111,主板
688720.SH,艾森股份,半导体,20231206,科创板
920809.BJ,安达科技,电气设备,20230323,北交所
920304.BJ,迪尔化工,化工原料,20230418,北交所
920719.BJ,宁新新材,化工原料,20230526,北交所
920274.BJ,宏裕包材,广告包装,20230818,北交所
920438.BJ,戈碧迦,元器件,20240325,北交所
920375.BJ,派诺科技,电气设备,20231214,北交所
688347.SH,华虹公司,半导体,20230807,科创板
920006.BJ,晟楠科技,航空,20230518,北交所
688652.SH,京仪装备,半导体,20231129,科创板
920701.BJ,豪声电子,元器件,20230719,北交所
688719.SH,爱科赛博,电气设备,20230928,科创板
688691.SH,灿芯股份,半导体,20240411,科创板
920519.BJ,万德股份,化工原料,20230915,北交所
688653.SH,康希通信,半导体,20231117,科创板
688548.SH,广钢气体,化工原料,20230815,科创板
920175.BJ,东方碳素,化工原料,20230630,北交所
920469.BJ,富恒新材,塑料,20230918,北交所
920978.BJ,开特股份,汽车配件,20230928,北交所
920751.BJ,惠同新材,小金属,20230717,北交所
920926.BJ,鸿智科技,家用电器,20230808,北交所
920576.BJ,天力复合,小金属,20230712,北交所
920976.BJ,视声智能,通信设备,20230901,北交所
920504.BJ,博迅生物,医疗保健,20230817,北交所
920651.BJ,天罡股份,电器仪表,20230627,北交所
688530.SH,欧莱新材,半导体,20240509,科创板
920284.BJ,灵鸽科技,专用机械,20231219,北交所
920496.BJ,许昌智能,电气设备,20240126,北交所
603341.SH,龙旗科技,通信设备,20240301,主板
601083.SH,锦江航运,水运,20231205,主板
603312.SH,西典新能,电气设备,20240111,主板
920547.BJ,无锡晶海,化学制药,20231212,北交所
920665.BJ,科强股份,橡胶,20230926,北交所
920656.BJ,海昇药业,化学制药,20240202,北交所
920403.BJ,康农种业,种植业,20240118,北交所
920132.BJ,泰鹏智能,家居用品,20231116,北交所
920522.BJ,纳科诺尔,专用机械,20231116,北交所
920061.BJ,西磁科技,专用机械,20231221,北交所
920703.BJ,广厦环能,专用机械,20231205,北交所
920679.BJ,前进科技,机械基件,20231110,北交所
920570.BJ,坤博精工,机械基件,20231123,北交所
920690.BJ,捷众科技,汽车配件,20240105,北交所
920693.BJ,阿为特,机械基件,20231027,北交所
920363.BJ,莱赛激光,电器仪表,20231228,北交所
920026.BJ,卓兆点胶,机械基件,20231019,北交所
920706.BJ,铁拓机械,工程机械,20240308,北交所
920931.BJ,无锡鼎邦,化工机械,20240408,北交所
920833.BJ,美心翼申,汽车配件,20231108,北交所
920123.BJ,芭薇股份,日用化工,20240329,北交所
920806.BJ,云星宇,软件服务,20240111,北交所
